lat,long,site
68.85,-148.83,3409
68.42,-149.34,3408
67.66,-149.71,3372
67.01,-150.29,3404
66.44,-150.63,3403
66.44,-136.71,93078
66.44,-136.71,93079
65.79,-144.08,3002
65.48,-148.65,3419
65.26,-146.72,3003
65.05,-146.05,3142
65,-150.61,3418
64.91,-147.94,3428
64.83,-166.08,3427
64.77,-157.02,3284
64.77,-165.99,3422
64.73,-138.36,93164
64.61,-165.3,3424
64.54,-146.99,3041
64.54,-164.43,3405
64.54,-110.2,43015
64.48,-165.31,3402
64.46,-155.52,3423
64.25,-146.07,3004
64.01,-145.72,3406
63.99,-138.75,93064
63.85,-145.73,3431
63.73,-149.29,3115
63.61,-143.98,3008
63.6,-142.32,3420
63.59,-135.89,93051
63.58,-157.84,3421
63.51,-150.04,3015
63.39,-136.61,93052
63.05,-146.06,3011
63.01,-141.8,3010
62.91,-155.61,3440
62.52,-114.18,43007
62.47,-144.82,3009
62.36,-145.37,3054
62.31,-150.23,3313
62.23,-146.51,3212
61.73,-144.95,3052
61.65,-150.14,3030
61.58,-149.44,3117
61.44,-121.23,43010
61.4,-149.84,3401
61.39,-117.44,43008
61.29,-149.77,3432
61.1,-135.28,93026
61.09,-93.98,43013
61.05,-145.91,3051
60.9,-129.23,93006
60.77,-149.55,3216
60.49,-145.87,3050
60.33,-133.98,93010
60.3,-123.31,43011
60.04,-112.77,43009
60,-134.66,11137
59.98,-111.83,4077
59.96,-129.06,11332
59.86,-111.61,4079
59.79,-151.79,3119
59.64,-151.56,3319
59.52,-135.35,3425
59.44,-139.56,3125
59.41,-139.02,3321
59.33,-135.56,3025
59.31,-112.48,4078
59.03,-158.52,3180
58.67,-156.45,3192
58.63,-93.79,45100
58.44,-134.76,3021
57.81,-152.61,3231
57.53,-152.45,3131
56.73,-132.76,3221
56.45,-132.37,3224
56.36,-117,4062
56.35,-132.76,3429
56.27,-117.81,4063
55.55,-133.08,3023
55.51,-114.91,4050
55.47,-113.44,4049
55.45,-120.15,11074
55.45,-123.2,11075
55.32,-131.52,3024
55.15,-127.88,11081
55.14,-119.21,4055
55.09,-115.3,4251
55.08,-117.35,4153
55,-127.31,11270
54.98,-123.03,11065
54.93,-112.08,4438
54.76,-117.24,4043
54.74,-115.78,4141
54.67,-112.37,4338
54.59,-100.79,45037
54.58,-101.37,45033
54.43,-112.82,4138
54.41,-125.41,11068
54.37,-128.58,11071
54.36,-117.03,4143
54.36,-126.79,11069
54.34,-122.65,11265
54.33,-129.29,11072
54.19,-99.16,45061
54.18,-110.3,4136
54.12,-114.71,4040
54.08,-124.83,11067
54.06,-110.88,4036
54.04,-113.91,4139
54.03,-113.32,4239
54.03,-132.05,11198
53.94,-122.81,11255
53.8,-115.26,4031
53.8,-118.47,4034
53.77,-115.61,4131
53.73,-121.74,11454
53.68,-113.83,4029
53.62,-114.39,4330
53.6,-116.37,4032
53.59,-101.48,45032
53.58,-124.86,11057
53.53,-63.92,57039
53.51,-108.63,79042
53.5,-110.86,4026
53.49,-64.51,57040
53.42,-65.14,57037
53.38,-117.71,4033
53.33,-112.78,4028
53.33,-113.85,4229
53.29,-110.54,4027
53.29,-60.28,57036
53.27,-120.07,11053
53.27,-108.62,79142
53.16,-114.22,4030
53.15,-99.36,45154
53.13,-113.19,4329
53.11,-113.12,4129
53.1,-111.76,4127
53.1,-112.14,4128
53.08,-119.67,11058
53.04,-66.52,57041
52.97,-106.75,79032
52.82,-99,45048
52.66,-104.23,79130
52.63,-112.01,4120
52.61,-113.98,4121
52.55,-113.93,4221
52.54,-98.88,45047
52.52,-112.85,4220
52.49,-117.52,4125
52.47,-121.38,11244
52.46,-110.65,4018
52.4,-114.4,4322
52.37,-100.93,45049
52.23,-107.97,79033
52.23,-107.4,79133
52.2,-113.21,4421
52.17,-112.33,4020
52.15,-122.06,11045
52.11,-101.41,45030
52.05,-106.21,79132
52.02,-114.47,4022
51.97,-121.46,11234
51.95,-122.4,11235
51.94,-112.13,4113
51.82,-114.44,4015
51.79,-123.07,11236
51.78,-112.64,4013
51.76,-111.51,4212
51.66,-115.4,4116
51.62,-97.42,45042
51.57,-111.19,4112
51.56,-106.63,79124
51.55,-113.89,4114
51.54,-114.21,4115
51.5,-100.55,45024
51.45,-116.21,4017
51.44,-110.38,4111
51.44,-110.91,4311
51.41,-113.73,4214
51.41,-111.47,4312
51.41,-121.97,11034
51.41,-106.12,79024
51.41,-105.82,79123
51.39,-101.21,45026
51.38,-120.71,11033
51.36,-55.58,57024
51.35,-110.19,4211
51.32,-112.04,4313
51.32,-114.25,4315
51.27,-111.19,4412
51.27,-104.47,79122
51.21,-113.77,4014
51.2,-114.76,4215
51.18,-112.33,4213
51.09,-96.96,45041
51.09,-102.75,79120
51.08,-97.5,45142
51.07,-98.09,45043
50.93,-100.25,45120
50.92,-111.11,4107
50.92,-112.17,4408
50.92,-108.07,79217
50.88,-121.82,11222
50.87,-56.12,57022
50.84,-100.9,45220
50.81,-119.08,11420
50.8,-109.95,79118
50.74,-110.25,4006
50.74,-97.31,45114
50.72,-98.21,45016
50.71,-97.83,45214
50.69,-115.14,4196
50.69,-99.46,45118
50.68,-96.52,45113
50.67,-119.32,11020
50.63,-93.23,68282
50.6,-113.02,4009
50.6,-112.99,4308
50.58,-99.44,45218
50.57,-104.27,79113
50.56,-111.84,4007
50.55,-110.32,4306
50.51,-114.25,4210
50.51,-96.29,45313
50.5,-95.47,45112
50.48,-113.39,4209
50.47,-114.42,4010
50.46,-101.22,45121
50.44,-96.55,45213
50.42,-113.82,4109
50.41,-95.68,45012
50.31,-108.93,79117
50.29,-101.06,45021
50.27,-97.48,45414
50.26,-119.08,11220
50.22,-90.69,68284
50.21,-118.77,11419
50.19,-99.97,45018
50.16,-112.31,4208
50.15,-111.98,4207
50.15,-93.98,68280
50.14,-122.95,11223
50.13,-120.95,11721
50.13,-93.21,68281
50.12,-98.58,45216
50.1,-107.73,79016
50.07,-96.6,45013
50.04,-100.78,45020
50.02,-121.09,11022
50.02,-125.24,11126
50.01,-113.38,4309
50.01,-95.48,45212
50.01,-97.06,45314
50.01,-107,79116
50,-110.07,4106
50,-103.57,79112
49.97,-113.9,4404
49.97,-97.5,45103
49.96,-106.55,79106
49.95,-91.6,68256
49.87,-111.41,4002
49.87,-95.97,45001
49.87,-71.99,76079
49.86,-93.15,68131
49.81,-113.56,4004
49.78,-124.17,11213
49.77,-118.14,11007
49.77,-120.85,11409
49.75,-111.51,4302
49.72,-120.14,11709
49.72,-96.72,45002
49.72,-94.24,68054
49.71,-113.69,4304
49.7,-118.77,11407
49.7,-100.64,45109
49.66,-98.19,45305
49.66,-109.74,79109
49.64,-115.64,11204
49.64,-125.09,11614
49.64,-107.99,79007
49.63,-114.5,4205
49.59,-119.72,11208
49.56,-96.88,45102
49.55,-108.3,79108
49.54,-98.91,45105
49.53,-110.27,4201
49.53,-95.56,45101
49.51,-97.68,45003
49.51,-98.16,45205
49.5,-100.7,45209
49.49,-57.92,57121
49.48,-99.81,45307
49.48,-81.49,68064
49.42,-99.87,45207
49.4,-120.22,11609
49.39,-101.08,45211
49.38,-112.65,4203
49.38,-98.02,45005
49.34,-100.12,45009
49.3,-88.31,68046
49.29,-114.73,11003
49.29,-116.66,11005
49.29,-121.68,11010
49.28,-101.3,45111
49.26,-113.65,4204
49.26,-123.25,11212
49.26,-54.48,57018
49.25,-119.52,11608
49.23,-95.42,45201
49.18,-122.51,11411
49.17,-100.05,45309
49.16,-89.35,68271
49.15,-120.59,11009
49.15,-85.79,68061
49.14,-117.25,11006
49.13,-96.41,45302
49.1,-119.27,11408
49.1,-97.84,45203
49.09,-90.43,68265
49.08,-112.39,4003
49.05,-80.87,68080
49.04,-99.21,45007
49.03,-120.38,11309
49.02,-114.04,4105
49.01,-99.61,45107
48.97,-122.14,89027
48.95,-94.99,50047
48.94,-94.25,68066
48.91,-64.61,76067
48.86,-101.54,64024
48.85,-93.63,68053
48.85,-117.88,89071
48.84,-55.5,57013
48.84,-100.24,64044
48.84,-117.18,89152
48.83,-104.84,53012
48.83,-121.9,89028
48.82,-124.05,11402
48.78,-123.6,11001
48.78,-96.07,50051
48.78,-95.3,50081
48.77,-96.31,50082
48.77,-67.69,76262
48.76,-86.53,68078
48.72,-119.27,89030
48.71,-85.75,68072
48.7,-121.21,89004
48.68,-111.46,53105
48.67,-118.11,89070
48.66,-102.69,64039
48.64,-53.87,57012
48.58,-116.39,33001
48.58,-103.05,64038
48.58,-81,68233
48.58,-72.43,76053
48.56,-68.31,76159
48.54,-68.22,76059
48.53,-122.47,89066
48.53,-120.3,89068
48.5,-120.17,89029
48.47,-116.84,33029
48.44,-101.64,64023
48.42,-94.95,50080
48.42,-70.5,76058
48.41,-64.31,76165
48.4,-100.65,64028
48.38,-117.27,89032
48.35,-115.03,53001
48.35,-120.21,89005
48.33,-88.82,68036
48.33,-68.05,76069
48.3,-95.57,50050
48.29,-117.77,89008
48.28,-93.55,50046
48.28,-98.72,64016
48.26,-94.55,50048
48.26,-99.35,64018
48.25,-124.27,89001
48.25,-120.15,89049
48.23,-81.84,68274
48.23,-78.43,76345
48.23,-64.86,76565
48.22,-107.86,53009
48.22,-58.84,57016
48.22,-118.7,89031
48.22,-119.04,89069
48.2,-106.53,53010
48.17,-57.74,57015
48.17,-121.47,89048
48.16,-122.33,89003
48.11,-123.38,89002
48.1,-114.46,53002
48.1,-79.25,76343
48.09,-119.8,89006
48.07,-95.63,50049
48.06,-110.33,53006
48.05,-105.99,53011
48.02,-98.43,64015
47.98,-79.77,68247
47.96,-123.49,89053
47.94,-80.68,68248
47.93,-89.97,50031
47.92,-122.3,89072
47.91,-66.21,56110
47.9,-96.3,50044
47.88,-117.98,89077
47.84,-97.6,64007
47.81,-71.51,76237
47.79,-95.11,50042
47.78,-116.66,33002
47.78,-90.87,50071
47.78,-109.41,53019
47.76,-95.83,50041
47.76,-92,50073
47.75,-120.35,89113
47.74,-101.5,64041
47.74,-81.66,68278
47.74,-120.66,89074
47.74,-121.98,89111
47.73,-90.7,50032
47.73,-117.92,89016
47.71,-114.2,53014
47.71,-53.49,57004
47.7,-91.53,50033
47.66,-114.13,53074
47.66,-119.63,89075
47.64,-115.17,53063
47.64,-100.05,64042
47.64,-70.62,76039
47.64,-70.61,76439
47.63,-81.18,68277
47.61,-93.19,50038
47.61,-103.54,64033
47.6,-106.9,53022
47.58,-52.67,57003
47.58,-82.75,68076
47.55,-91.34,50072
47.55,-120.68,89036
47.54,-105.81,53023
47.53,-80.63,68048
47.53,-82.39,68292
47.51,-96.63,50043
47.5,-110.89,53018
47.49,-111.26,53017
47.49,-107.31,53021
47.48,-98.24,64009
47.47,-79.71,68047
47.46,-104.15,53024
47.45,-72.82,76136
47.45,-121.75,89054
47.44,-96.58,50077
47.4,-66.51,56009
47.4,-61.9,76070
47.34,-93.61,50037
47.34,-71.04,76537
47.34,-124.29,89009
47.33,-70.08,76040
47.31,-69.14,44060
47.3,-112.41,53016
47.29,-115.1,53013
47.27,-100.55,64019
47.25,-115.81,33003
47.25,-116.02,33202
47.25,-69.37,44155
47.24,-120.69,89055
47.23,-103.32,64032
47.22,-121.01,89035
47.2,-79.36,76125
47.19,-75.55,76033
47.18,-113.94,53015
47.17,-117.37,89058
47.16,-65.17,56015
47.16,-98.48,64010
47.13,-123.09,89010
47.13,-118.16,89057
47.13,-118.68,89076
47.11,-88.34,49004
47.09,-55.73,57006
47.08,-67.54,56105
47.08,-99.05,64012
47.08,-119.25,89014
47.07,-117.73,89039
47.06,-91.8,50034
47.06,-92.98,50035
47.06,-99.62,64011
47.03,-114.39,53064
47.01,-60.52,65002
46.99,-64.83,56013
46.97,-119.34,89063
46.95,-123.44,89041
46.95,-120.56,89044
46.93,-55.53,57002
46.92,-96.61,50029
46.91,-114.46,53025
46.91,-119.36,89145
46.9,-83.41,68143
46.88,-71.07,76121
46.87,-89.31,49001
46.82,-118.65,89164
46.8,-99.46,64005
46.8,-122.41,89079
46.79,-90.94,91005
46.77,-101.92,64037
46.76,-119.04,89182
46.74,-95.47,50028
46.74,-121.91,89061
46.73,-64.96,56029
46.73,-103.98,64035
46.73,-70.02,76324
46.72,-113.66,53026
46.72,-98.79,64103
46.72,-80.3,68244
46.72,-122.79,89042
46.71,-69.19,44058
46.7,-92.63,50022
46.67,-85.74,49023
46.66,-89.55,49002
46.66,-71.56,76021
46.66,-120.48,89081
46.63,-114.54,33006
46.63,-121.39,89019
46.63,-91.95,91301
46.62,-112.49,53027
46.6,-100.1,64043
46.59,-92.74,50067
46.57,-87.84,49011
46.57,-75.18,76213
46.57,-71.62,76321
46.56,-73.81,76417
46.55,-75.36,76113
46.54,-123.46,89078
46.52,-91.42,91002
46.51,-70.93,76023
46.49,-105.08,53034
46.48,-97.01,64002
46.46,-67.8,44052
46.46,-117.58,89065
46.45,-116.55,33004
46.44,-116.83,33204
46.44,-82.31,68049
46.42,-118.82,89022
46.41,-96.75,64027
46.4,-66.93,56021
46.4,-121.55,89043
46.39,-93.09,50068
46.38,-75.91,76314
46.37,-94.1,50069
46.37,-72.27,76120
46.36,-93.6,50024
46.36,-80.41,68245
46.36,-76.02,76012
46.35,-86.38,49014
46.34,-86.25,49015
46.34,-98.68,64004
46.34,-117.05,89023
46.34,-90.15,91007
46.33,-84.79,49040
46.32,-110.05,53029
46.32,-90.9,91302
46.31,-83.55,68142
46.3,-87.13,49009
46.3,-91.09,91004
46.28,-69.93,44059
46.28,-100.79,64120
46.28,-83.21,68144
46.27,-79.09,68039
46.27,-70.53,76124
46.26,-76.29,76003
46.26,-124.07,89040
46.23,-88.73,49008
46.23,-77.7,76127
46.23,-118.36,89046
46.21,-84.36,49041
46.17,-89.6,91008
46.16,-72.39,76019
46.15,-88.37,49005
46.15,-97.67,64001
46.14,-85.38,49025
46.14,-99.48,64006
46.12,-95.86,50070
46.12,-111.91,53028
46.11,-104.49,53035
46.1,-68.9,44050
46.1,-109.66,53030
46.1,-102.06,64036
46.09,-78.88,68045
46.08,-88.15,49007
46.08,-121.81,89080
46.06,-91.82,91003
46.04,-73.88,76018
46.04,-71.07,76022
46.04,-89.25,91303
46.03,-75.57,76014
46.02,-123.36,69142
46.01,-66.18,56022
45.99,-77.41,68226
45.98,-64.04,65022
45.96,-92.49,91011
45.94,-117.45,69207
45.94,-72.56,76008
45.93,-98.82,81020
45.92,-89.15,91024
45.91,-111.76,53038
45.9,-69.03,44134
45.89,-81.96,68037
45.88,-116.11,33007
45.87,-91.23,91015
45.86,-69.92,44035
45.86,-64.29,56031
45.85,-113.95,53036
45.85,-99.26,81023
45.84,-97.33,81018
45.84,-91.3,91305
45.84,-90.62,91306
45.83,-102.94,81037
45.83,-121.35,89025
45.82,-106.42,53043
45.82,-82.16,68296
45.79,-74.68,76306
45.78,-74.09,76006
45.76,-65.04,56042
45.76,-72.3,76109
45.76,-89.5,91023
45.73,-97.71,81019
45.72,-109.54,53040
45.72,-64.91,56032
45.72,-79.43,68452
45.72,-73.4,76005
45.72,-71.47,76010
45.71,-65.94,56044
45.71,-63.55,65018
45.71,-91.19,91016
45.7,-75.54,76002
45.69,-79.39,68228
45.69,-89.12,91307
45.68,-62.11,65014
45.68,-122.44,89024
45.67,-118.75,69046
45.65,-96.13,50066
45.65,-63.91,65020
45.65,-117.27,69007
45.65,-90.18,91019
45.65,-88.82,91308
45.64,-87.44,49012
45.63,-65.79,56041
45.61,-68.53,44041
45.6,-93.88,50015
45.59,-95.21,50065
45.59,-92.23,91012
45.58,-76.65,76201
45.57,-110.78,53039
45.57,-67.34,56034
45.56,-108.78,53041
45.56,-76.91,68025
45.55,-76.11,76001
45.54,-96.09,50021
45.54,-103.03,81036
45.53,-113.07,53087
45.53,-91.88,91013
45.52,-80.27,68238
45.5,-77.74,68026
45.5,-74.47,68223
45.5,-88.01,91028
45.47,-76.61,68083
45.47,-76.11,68225
45.47,-101.42,81039
45.46,-88.77,91026
45.45,-79.59,68328
45.44,-87.87,91029
45.43,-107.72,53042
45.43,-71.86,76310
45.42,-63.7,65019
45.42,-74.17,76007
45.42,-96.71,81017
45.41,-69.88,44304
45.4,-120.02,69204
45.38,-116.03,33207
45.38,-61.82,65009
45.38,-70.86,76090
45.37,-112.64,53137
45.37,-92.66,91010
45.37,-88.62,91027
45.36,-86.93,91030
45.35,-100.61,81025
45.34,-115.94,33208
45.33,-67.42,56033
45.32,-79.01,68127
45.32,-90.08,91020
45.31,-91.47,91014
45.31,-89.63,91022
45.3,-75.47,76302
45.3,-72.38,76309
45.29,-63.44,65117
45.29,-77.47,68050
45.29,-122.7,69202
45.29,-70.9,76190
45.26,-84.98,49143
45.26,-62.21,65013
45.25,-94.82,50064
45.25,-122.25,69041
45.24,-72.86,76009
45.23,-70.19,44031
45.23,-81.71,68297
45.23,-75.92,68324
45.23,-103.78,81031
45.22,-123.02,69040
45.22,-121.37,69203
45.21,-79.03,68252
45.2,-79.79,68028
45.18,-66.77,56040
45.17,-74.96,68023
45.17,-75.54,68224
45.16,-83.49,49059
45.16,-94.19,50017
45.16,-95.65,50019
45.15,-61.58,65011
45.15,-74.71,68323
45.15,-98.2,81121
45.14,-102.55,81035
45.14,-90.79,91017
45.12,-100.55,81024
45.1,-93.47,50016
45.08,-66.65,56038
45.08,-73.33,76004
45.08,-90.53,91118
45.07,-114.01,33209
45.07,-70.21,44032
45.07,-78.09,68327
45.07,-77.2,68350
45.07,-121.92,69003
45.05,-69.03,44033
45.04,-78.5,68251
45.03,-113.56,33010
45.02,-68.91,44042
45.02,-92.74,91009
45.01,-99.85,81022
45,-123.4,69233
44.99,-71.37,58022
44.99,-79.57,68218
44.98,-69.43,44019
44.97,-93.47,50009
44.97,-122.95,69237
44.97,-100.12,81034
44.97,-92.63,91309
44.96,-115.49,33212
44.96,-95.45,50013
44.96,-104.36,92148
44.95,-107.27,92040
44.94,-85.12,49126
44.94,-75.58,68011
44.93,-62.57,65027
44.93,-109.72,92032
44.92,-70.95,44006
44.92,-91.12,91035
44.92,-88.93,91313
44.91,-110.41,92001
44.9,-97.94,81011
44.89,-70.44,44010
44.88,-77.54,68215
44.88,-90.31,91311
44.88,-110.73,92030
44.87,-88.17,91045
44.86,-71.3,58021
44.85,-63.54,65028
44.84,-76.36,68113
44.84,-109.14,92033
44.83,-68.96,44022
44.83,-68.25,44026
44.83,-78.11,68051
44.81,-84.96,49146
44.81,-90.35,91036
44.78,-85.8,49230
44.78,-81.12,68298
44.78,-106.71,92005
44.77,-75.97,68211
44.77,-89.24,91042
44.76,-73.27,87023
44.75,-70.84,44011
44.75,-65.46,65033
44.75,-77.94,68217
44.74,-78.75,68316
44.73,-91.79,91310
44.72,-113.52,33014
44.72,-79.64,68018
44.72,-123.26,69033
44.71,-122.77,69034
44.69,-90.06,91039
44.68,-71.58,58020
44.68,-71.85,87012
44.66,-102.28,81040
44.66,-72.89,87019
44.65,-93.33,50008
44.65,-92.42,91031
44.65,-106.13,92044
44.64,-74.71,61103
44.62,-70.96,44007
44.62,-121.05,69211
44.61,-114.17,33013
44.61,-89.48,91041
44.61,-88.77,91047
44.6,-71.31,58019
44.59,-69.54,44120
44.59,-111.52,53047
44.59,-80.74,68020
44.58,-69.15,44021
44.58,-112.02,53046
44.58,-79.04,68319
44.58,-87.64,91049
44.56,-112.71,53097
44.56,-72.34,87018
44.55,-123.8,69009
44.55,-72.37,87017
44.53,-68.32,44024
44.53,-74.72,61102
44.53,-76.66,68312
44.53,-72.67,87120
44.52,-92.34,50058
44.52,-74.49,61199
44.52,-78.56,68317
44.52,-119.92,69213
44.52,-73.17,87022
44.51,-123.63,69309
44.51,-103.13,81028
44.51,-104.25,92150
44.5,-94.85,50060
44.5,-117.97,69015
44.5,-98.31,81013
44.49,-121.79,69147
44.48,-93.7,50059
44.47,-122.22,69010
44.46,-120.12,69212
44.46,-109.13,92002
44.45,-115.09,33012
44.45,-68.92,44308
44.44,-89.85,91040
44.43,-86.12,49017
44.43,-75.05,61097
44.43,-74.18,61100
44.43,-80.01,68220
44.43,-71.95,87011
44.42,-88.95,91044
44.42,-90.73,91137
44.42,-104.42,92007
44.41,-116.03,33111
44.41,-119.11,69048
44.4,-91.67,91033
44.4,-107.98,92004
44.39,-121.52,69238
44.38,-100.49,81033
44.35,-71.38,58017
44.35,-77,68016
44.34,-65.27,65036
44.34,-77,68015
44.34,-77.39,68214
44.34,-120.56,69136
44.34,-73.07,87121
44.34,-88.04,91322
44.33,-70.29,44013
44.33,-72.4,87015
44.32,-69.86,44115
44.32,-81.23,68022
44.31,-72.62,87014
44.31,-106.93,92042
44.3,-94.3,50011
44.28,-85.13,49027
44.28,-78.09,68117
44.27,-114.73,33213
44.26,-76.77,68012
44.26,-77.36,68216
44.26,-104.17,92250
44.23,-112.25,33015
44.23,-113.37,33214
44.23,-96.94,81010
44.22,-92.27,50007
44.21,-101.3,81030
44.21,-89.05,91043
44.2,-105.71,92206
44.19,-116.5,33211
44.19,-91.78,91032
44.19,-90.38,91038
44.17,-71.7,58018
44.16,-81.58,68057
44.16,-72.68,87013
44.14,-70.56,44012
44.14,-75.7,61113
44.13,-74.92,61098
44.13,-73.76,61206
44.13,-118.58,69014
44.12,-69.25,44117
44.12,-99.25,81015
44.12,-103.69,81704
44.12,-72.14,87116
44.11,-85.8,49128
44.1,-87.89,91314
44.09,-71.35,58116
44.08,-71.2,58023
44.08,-89.59,91312
44.07,-77.36,68014
44.06,-80.53,68222
44.05,-87.7,91048
44.04,-104.72,92049
44.03,-98.43,81114
44.03,-88.7,91146
44.03,-107.45,92039
44.02,-111.25,33016
44.02,-79.96,68219
44.02,-102.58,81026
44.01,-69.96,44014
44.01,-97.67,81012
44.01,-91.37,91034
44,-76.04,61071
43.99,-71.29,58012
43.98,-78.36,68300
43.98,-121.8,69052
43.98,-110.66,92208
43.97,-74.24,61084
43.97,-107.96,92061
43.95,-79.91,68005
43.94,-97.47,81003
43.92,-103.51,81047
43.91,-114.87,33119
43.91,-89.12,91057
43.9,-86.21,49018
43.9,-122.55,69019
43.89,-92.09,50102
43.89,-102.45,81043
43.89,-72.26,87007
43.88,-106.87,92063
43.87,-79.97,68206
43.87,-88.04,91318
43.85,-104.24,92069
43.83,-81.69,68009
43.83,-123.23,69243
43.83,-98.64,81004
43.82,-111.2,33222
43.82,-103.64,81029
43.82,-90.2,91053
43.81,-112.39,33221
43.81,-91.69,50001
43.81,-93.49,50003
43.81,-81.19,68210
43.81,-103.76,81706
43.78,-91,91050
43.78,-90.35,91054
43.77,-81.53,68010
43.76,-94.28,50004
43.75,-72.72,87006
43.74,-101.95,81032
43.73,-74.47,61083
43.72,-115.95,33018
43.72,-75.16,61077
43.72,-74.79,61087
43.72,-103.5,81705
43.7,-85.43,49131
43.69,-75.01,61073
43.68,-70.36,44002
43.68,-93.01,50055
43.66,-80.73,68008
43.65,-102.51,81009
43.65,-88.33,91062
43.64,-123.58,69050
43.64,-106.19,92064
43.63,-74.39,61081
43.63,-122.3,69219
43.61,-73.09,87010
43.61,-88.48,91059
43.6,-73.73,61092
43.59,-85.12,49038
43.59,-121.83,69120
43.59,-107.43,92011
43.58,-96.18,50006
43.58,-95.77,50057
43.58,-74.85,61182
43.56,-74.39,61085
43.56,-79.74,68006
43.56,-89.52,91317
43.54,-80.51,68208
43.53,-111.7,33022
43.53,-73.79,61093
43.53,-90.86,91051
43.53,-89.22,91056
43.53,-109.63,92053
43.52,-124.19,69117
43.51,-82.67,49070
43.5,-91.29,50053
43.5,-72.13,58015
43.49,-70.51,44003
43.49,-88.9,91061
43.47,-72.58,87005
43.46,-113.56,33020
43.45,-71.88,58011
43.45,-75.9,61075
43.45,-88.73,91060
43.44,-89.86,91055
43.41,-71.2,58010
43.41,-109.44,92009
43.4,-114.25,33219
43.38,-80.22,68308
43.37,-71.6,58009
43.37,-81.15,68209
43.37,-87.87,91063
43.35,-83.42,49063
43.33,-113.87,33220
43.33,-96.88,81001
43.32,-90.74,91052
43.31,-99.87,81007
43.29,-122.34,69051
43.28,-97.87,81002
43.27,-121.77,69245
43.26,-76.68,61069
43.26,-107.68,92060
43.25,-70.64,44001
43.25,-79,61065
43.24,-71.61,58007
43.24,-71.19,58008
43.23,-94,36032
43.23,-83.25,49165
43.23,-70.91,58004
43.21,-73.3,61089
43.21,-73.41,61090
43.19,-71.28,58006
43.18,-84.52,49051
43.18,-77.48,61068
43.17,-77.96,61067
43.17,-111.03,92051
43.16,-76.02,61070
43.15,-116.5,33217
43.14,-78.11,61066
43.14,-80.2,68207
43.11,-112.73,33021
43.11,-85.19,49134
43.11,-75.66,61079
43.11,-103.68,81042
43.1,-107.02,92059
43.09,-122.51,69244
43.08,-70.71,44004
43.08,-80.85,68007
43.07,-72.21,58014
43.06,-93.57,36131
43.06,-85.88,49033
43.06,-78.85,61064
43.06,-91.07,91315
43.04,-95.58,36033
43.04,-72.95,87003
43.03,-73.51,61091
43.03,-90.66,91316
43.02,-72.38,58013
43.02,-75.43,61080
43.01,-79.28,68301
43,-73.19,87008
43,-89.66,91167
42.97,-123.21,69026
42.96,-111.71,33128
42.95,-115.21,33124
42.95,-71.06,58102
42.95,-78.69,61154
42.95,-88.27,91421
42.94,-81.65,68203
42.93,-90.21,91319
42.91,-88.7,91068
42.9,-71.86,58001
42.89,-77.11,61047
42.87,-107.44,92018
42.86,-121.83,69252
42.86,-106.12,92019
42.85,-112.51,33027
42.83,-80.9,68202
42.83,-109.67,92074
42.83,-105.81,92120
42.83,-110.42,92173
42.82,-73.73,61120
42.82,-104.41,92090
42.81,-116.63,33023
42.81,-70.81,47007
42.81,-90.96,91064
42.8,-72.16,58003
42.8,-73.28,87002
42.8,-87.98,91070
42.79,-115.71,33224
42.78,-82.55,49172
42.78,-124.02,69225
42.77,-77.25,61048
42.76,-98.59,54025
42.73,-102.2,54034
42.73,-74.19,61026
42.73,-122.57,69251
42.73,-108.83,92077
42.72,-73.3,61017
42.7,-77.59,61050
42.7,-82.24,68029
42.69,-97.95,54023
42.69,-77.95,61052
42.68,-78.82,61053
42.67,-83.37,49168
42.67,-80.37,68002
42.66,-77.22,61049
42.66,-120.79,69029
42.65,-82.89,49073
42.65,-100.53,54031
42.65,-74.4,61025
42.64,-95.72,36027
42.63,-85.83,49037
42.63,-81.46,68303
42.63,-89.96,91066
42.62,-78.1,61058
42.61,-72.27,47017
42.61,-78.17,61055
42.61,-88.05,91069
42.6,-94.29,36025
42.6,-103.58,54044
42.59,-85.13,49032
42.59,-78.36,61057
42.59,-74.92,61123
42.56,-75.15,61029
42.56,-106.99,92083
42.55,-73.3,47120
42.55,-76.63,61043
42.53,-95.87,36026
42.53,-122.79,69127
42.52,-76.25,61041
42.51,-71.53,47009
42.51,-86.12,49021
42.51,-90.43,91065
42.51,-89.11,91320
42.49,-112.39,33227
42.49,-96.37,36028
42.49,-122.42,69227
42.48,-74.4,61027
42.48,-78.23,61060
42.46,-89.38,34302
42.46,-72.9,47018
42.44,-71.84,47112
42.43,-74.15,61022
42.43,-75.09,61034
42.43,-105.88,92086
42.42,-92.47,36020
42.42,-123.68,69058
42.41,-73.18,47021
42.4,-75.6,61036
42.39,-88.91,34066
42.39,-90.28,34301
42.39,-74.92,61024
42.38,-121.01,69160
42.37,-72.84,47019
42.37,-121.8,69028
42.35,-73.99,61018
42.35,-76,61038
42.34,-75.93,61030
42.34,-120.74,69229
42.33,-114.27,33025
42.31,-75.55,61031
42.31,-108.2,92079
42.28,-100.53,54041
42.27,-103.65,54130
42.27,-77.94,61045
42.27,-78.89,61056
42.27,-123.6,69250
42.26,-72.35,47014
42.25,-85.41,49035
42.25,-124.24,69057
42.24,-106.56,92084
42.24,-106.41,92085
42.23,-72.51,47015
42.23,-107.69,92081
42.22,-123.06,69226
42.21,-113.84,33226
42.21,-90.06,34001
42.21,-105.29,92087
42.19,-96.73,54022
42.18,-102.78,54043
42.18,-97.13,54124
42.17,-74.12,61028
42.17,-108.62,92017
42.16,-93.34,36123
42.16,-107.43,92082
42.15,-89.33,34002
42.15,-71.89,47010
42.14,-89.76,34065
42.13,-104.45,92091
42.12,-73.46,47022
42.11,-122.53,69159
42.1,-84.8,49055
42.08,-70.86,47006
42.08,-86.03,49020
42.08,-78.59,61111
42.07,-74.98,61121
42.06,-120.15,69253
42.05,-78.94,61059
42.04,-90.6,36017
42.04,-85.72,49036
42.04,-76.03,61044
42.03,-94.57,36024
42.01,-75.8,61033
42.01,-119.47,69061
42.01,-104.28,92028
42,-111.95,33228
42,-71.11,47011
42,-74.34,61014
41.99,-121.89,14166
41.99,-79.41,61062
41.99,-79.15,72107
41.98,-71.73,77004
41.97,-90.29,36006
41.97,-73.92,61008
41.96,-78.34,72018
41.96,-113.63,85024
41.95,-76.06,72033
41.94,-75.61,72043
41.93,-88.18,34014
41.93,-71.07,47005
41.91,-83.99,49057
41.89,-112.77,85302
41.88,-98.03,54017
41.87,-86.55,49022
41.87,-76.9,72030
41.86,-120.5,14407
41.84,-113.79,85301
41.83,-89.66,34305
41.83,-119.66,55101
41.82,-123,14001
41.82,-122.01,14168
41.81,-92.35,36009
41.81,-84.41,49058
41.8,-79.95,72005
41.79,-75.42,72044
41.78,-102.45,54039
41.76,-85.75,49039
41.75,-85.47,35303
41.75,-70.16,47001
41.75,-73.98,61009
41.75,-79.94,72008
41.74,-122.63,14198
41.74,-73.35,18012
41.74,-76.02,72031
41.73,-120.37,14165
41.73,-72.92,18102
41.72,-85.67,35006
41.72,-91.25,36108
41.72,-100.77,54037
41.72,-111.33,85153
41.71,-94.08,36014
41.71,-80.32,72004
41.7,-72.51,18003
41.7,-75.79,72038
41.7,-113.89,85025
41.7,-108.42,92024
41.69,-78.08,72014
41.68,-80.74,66021
41.68,-78.39,72015
41.68,-106.38,92104
41.67,-121.25,14406
41.67,-92.26,36010
41.65,-89.01,34012
41.65,-94.14,36013
41.65,-84.51,66003
41.65,-77.12,72022
41.65,-113.18,85251
41.64,-77.91,72028
41.63,-86.36,35103
41.63,-80.49,72002
41.63,-79.04,72010
41.62,-78.6,72019
41.6,-121.05,14405
41.6,-84.93,35009
41.59,-88.43,34306
41.58,-72.85,18015
41.58,-112.08,85152
41.57,-111.56,85103
41.56,-121.58,14430
41.56,-72.59,18014
41.56,-91.27,36007
41.56,-78.85,72016
41.56,-109.18,92097
41.55,-84.38,66001
41.55,-77.96,72023
41.54,-83.45,66107
41.54,-76.96,72132
41.53,-73.5,18009
41.53,-88.57,34016
41.53,-87.19,35201
41.53,-79.34,72006
41.48,-90.21,34008
41.48,-97.19,54015
41.46,-81.07,66017
41.45,-77.27,72126
41.44,-95.72,36015
41.44,-83.08,66006
41.44,-76.9,72034
41.43,-101.7,54038
41.42,-78.73,72017
41.4,-122.04,14175
41.4,-93.1,36011
41.4,-82.88,66113
41.39,-90.03,34007
41.39,-79.2,72012
41.38,-123.48,14174
41.38,-84.12,66002
41.35,-89.77,34010
41.35,-102.97,54021
41.34,-90.53,34067
41.34,-70.78,47102
41.34,-75.25,72041
41.34,-109.58,92123
41.33,-71.96,18001
41.33,-73.53,18011
41.33,-73.68,61207
41.32,-87.2,35002
41.32,-81.05,66116
41.31,-88.59,34069
41.31,-76.66,72029
41.3,-123.53,14167
41.3,-74.67,59021
41.29,-79.09,72009
41.27,-86.62,35004
41.27,-77.24,72021
41.27,-110.76,92022
41.25,-121.82,14199
41.25,-82.23,66011
41.25,-75.23,72042
41.24,-103.66,54033
41.23,-120.33,14151
41.23,-122.13,14169
41.22,-76.45,72035
41.21,-87.58,34017
41.21,-104.11,92112
41.2,-123.8,14074
41.2,-106.65,92026
41.19,-83.7,66008
41.19,-105.29,92027
41.17,-96.13,54012
41.17,-100.05,54032
41.17,-81,66015
41.16,-88.18,34015
41.16,-97.34,54014
41.16,-101.27,54020
41.16,-82.63,66112
41.16,-78.06,72013
41.15,-105.95,92109
41.12,-99.49,54119
41.12,-75.54,72137
41.11,-74.79,59019
41.11,-76.47,72036
41.08,-88.83,34013
41.08,-90.9,34304
41.08,-80.33,72003
41.07,-77.29,72025
41.05,-73.61,18010
41.03,-82.99,66005
41.02,-86.28,35005
41,-107.36,92025
40.99,-100.47,54035
40.98,-84.19,66025
40.96,-102.32,17307
40.96,-87.07,35305
40.96,-79.7,72053
40.93,-89.79,34026
40.93,-99.5,54008
40.92,-88.95,34029
40.91,-90.03,34023
40.91,-78.06,72060
40.91,-80.15,72145
40.89,-88.67,34032
40.88,-123.6,14435
40.88,-93.17,36003
40.88,-75.05,59116
40.87,-82.1,66040
40.86,-90.5,34024
40.85,-104.54,17205
40.84,-103.34,17036
40.84,-79.55,72050
40.81,-84.95,35308
40.8,-123.48,14409
40.8,-91.05,34019
40.8,-79.36,72056
40.8,-75.34,72086
40.78,-75.96,72083
40.76,-91.67,36001
40.76,-77.82,72067
40.76,-113.1,85304
40.75,-88.87,34309
40.73,-78.21,72063
40.72,-109.47,85008
40.71,-88.56,34031
40.7,-86.81,35012
40.7,-84.85,35020
40.69,-80.3,72046
40.69,-77.89,72071
40.68,-75.99,72085
40.67,-87.36,35010
40.66,-107.86,17302
40.66,-79.23,72054
40.66,-78.57,72058
40.65,-123.03,14164
40.65,-90.98,34022
40.65,-92.88,36002
40.65,-75.09,59020
40.64,-87.72,34034
40.64,-98.87,54007
40.63,-75.99,72187
40.62,-95.12,36105
40.62,-79.23,72049
40.61,-102.08,17207
40.6,-89.66,34025
40.6,-81.16,66046
40.59,-112.48,85305
40.58,-86.18,35013
40.58,-111.04,85156
40.58,-109.05,85308
40.57,-94.64,36004
40.57,-78.13,72064
40.56,-105.42,17304
40.56,-83.03,66034
40.56,-77.39,72072
40.55,-95.79,54001
40.51,-122.38,14097
40.5,-105.03,17004
40.5,-74.93,59010
40.5,-74.93,59114
40.5,-76.93,72173
40.49,-121.42,14308
40.49,-123.07,14431
40.48,-79.48,72052
40.48,-76.76,72079
40.47,-91.71,52133
40.47,-78.99,72057
40.46,-96.06,54002
40.46,-82.62,66039
40.46,-82.76,66042
40.45,-114.02,85004
40.44,-78.33,72062
40.43,-120.83,14414
40.43,-74.18,59025
40.42,-78.2,72061
40.42,-75.29,72181
40.41,-123.96,14006
40.4,-87.03,35011
40.37,-77.68,72068
40.37,-79.57,72151
40.36,-109.33,85108
40.34,-103.79,17306
40.33,-78.32,72059
40.32,-114.8,55012
40.32,-77.36,72165
40.31,-105.97,17353
40.3,-104.69,17035
40.3,-90.13,34071
40.3,-81.58,66148
40.29,-81.87,66251
40.29,-76.32,72180
40.27,-108.55,17301
40.27,-76.46,72177
40.26,-102.71,17037
40.26,-89.12,34308
40.26,-119.77,55007
40.24,-83.29,66035
40.24,-111.15,85206
40.23,-77.66,72166
40.22,-75.66,72182
40.21,-107.03,17202
40.21,-91.18,34020
40.21,-86.05,35115
40.21,-97.55,54004
40.21,-76.71,72076
40.2,-120.62,14181
40.2,-103.44,17006
40.2,-108.75,17351
40.2,-76.17,72275
40.19,-86.45,35306
40.19,-79.26,72155
40.18,-122.85,14411
40.18,-76.28,72078
40.17,-123.6,14178
40.17,-115.49,55143
40.16,-92.51,52068
40.16,-117.18,55009
40.16,-74.06,59013
40.16,-80.34,72047
40.16,-75.46,72084
40.15,-120.54,14436
40.15,-106.87,17003
40.15,-83.72,66031
40.14,-86.69,35014
40.14,-76.46,72174
40.13,-107.96,17032
40.13,-106.49,17203
40.1,-94.14,52070
40.1,-81.89,66049
40.1,-81.41,66150
40.09,-93.55,52035
40.09,-115.63,55011
40.08,-89.82,34072
40.08,-94.85,52136
40.08,-74.28,59011
40.08,-80.68,90052
40.07,-88.55,34030
40.07,-96.4,54103
40.07,-84.13,66126
40.07,-80.32,72048
40.07,-112.09,85105
40.06,-108.41,17031
40.06,-92.49,52034
40.05,-107.87,17352
40.05,-91.12,34070
40.05,-101.54,54036
40.05,-77.06,72070
40.04,-120.99,14415
40.04,-111.28,85174
40.03,-113.98,85104
40.02,-122.63,14179
40.02,-105.29,17354
40.01,-90.93,34307
40.01,-112.45,85155
39.99,-74.22,59005
39.98,-104.5,17412
39.98,-90.34,34036
39.98,-79.41,72189
39.98,-77.23,72193
39.96,-107.64,17009
39.96,-91.3,34311
39.96,-82.53,66075
39.95,-88.66,34314
39.94,-119.38,55045
39.93,-97.01,38030
39.93,-80.05,72088
39.92,-91.31,34135
39.92,-76.88,72196
39.91,-75.81,72097
39.91,-80.73,90037
39.9,-96.87,38028
39.9,-111.95,85011
39.89,-88.1,34044
39.88,-83.91,66168
39.87,-79.06,72090
39.86,-78.17,72192
39.85,-103.64,17013
39.84,-104.18,17042
39.84,-83.46,66166
39.83,-102.63,17014
39.83,-75.14,59001
39.82,-105.52,17361
39.81,-90.4,34312
39.79,-120.13,14433
39.79,-90.41,34038
39.79,-93.12,52066
39.78,-120.63,14078
39.78,-95.22,38317
39.78,-78.95,72091
39.78,-75.81,72198
39.77,-99.25,38034
39.76,-122.23,14080
39.76,-96.02,38029
39.76,-76.46,72195
39.75,-107.69,17359
39.75,-75.58,21002
39.75,-74.58,59028
39.74,-77.49,72194
39.72,-104.37,17312
39.72,-98.1,38033
39.72,-99.64,38035
39.72,-78.92,46053
39.71,-77.33,46009
39.71,-94.06,52131
39.7,-76.76,46017
39.7,-79.73,90053
39.69,-78.41,46055
39.69,-75.46,59104
39.68,-123.48,14182
39.68,-85.46,35028
39.68,-83.8,66067
39.67,-79.16,46051
39.67,-110.62,85312
39.66,-107.12,17039
39.66,-105.85,17211
39.66,-74.91,59107
39.66,-112.06,85310
39.65,-96.52,38318
39.65,-94.66,52032
39.65,-84.39,66058
39.65,-80.77,90041
39.64,-107.61,17209
39.64,-77.56,46007
39.64,-77.02,46014
39.63,-76.96,46015
39.63,-76.52,46151
39.62,-76,46032
39.61,-120.42,14158
39.61,-103.12,17043
39.61,-88.38,34047
39.61,-78.81,46005
39.61,-77.86,46006
39.61,-113.48,85109
39.59,-110.56,85012
39.58,-100.32,38025
39.57,-77.54,46008
39.57,-79.84,90044
39.56,-123.39,14160
39.56,-120.82,14185
39.56,-103.02,17313
39.56,-97.81,38319
39.56,-98.15,38420
39.56,-81.58,66181
39.55,-122.06,14148
39.55,-89.45,34043
39.55,-76.81,46016
39.55,-116.38,55016
39.55,-83.84,66165
39.54,-106.22,17040
39.53,-102.59,17214
39.53,-87.14,35022
39.53,-79.16,46102
39.53,-75.1,59003
39.52,-122.94,14011
39.52,-75.94,46033
39.52,-75.9,46034
39.52,-91.21,52126
39.51,-120.17,14417
39.51,-108.46,17208
39.51,-77.03,46013
39.5,-75.68,21001
39.5,-79.15,46001
39.5,-80.58,90043
39.49,-121.6,14159
39.49,-100.64,38322
39.49,-84.01,66161
39.48,-89.26,34041
39.48,-76.31,46020
39.48,-74.56,59029
39.45,-92.18,52027
39.44,-108.95,17308
39.44,-77.85,90051
39.44,-78.13,90150
39.43,-79.16,46003
39.41,-81.35,66080
39.41,-80.2,90038
39.4,-108.81,17008
39.4,-93.73,52130
39.4,-118.72,55114
39.39,-89.2,34042
39.39,-89.83,34075
39.39,-94.5,52067
39.38,-102.42,17044
39.38,-75.34,59002
39.37,-104.36,17012
39.37,-103.78,17213
39.37,-75.63,21105
39.37,-80.86,90042
39.36,-115.27,55017
39.36,-83.86,66064
39.35,-112.22,85010
39.34,-98.75,38032
39.34,-76.81,46018
39.33,-87.37,35021
39.33,-79.31,46052
39.32,-111.44,85311
39.31,-88.19,34046
39.31,-87.77,34048
39.31,-82.16,66073
39.28,-90.55,34074
39.27,-121.73,14012
39.27,-75.76,46035
39.27,-81.88,66082
39.26,-86.7,35026
39.26,-76.14,46036
39.25,-95.53,38027
39.24,-106.76,17010
39.23,-82.28,66076
39.23,-111.85,85161
39.22,-105.27,17011
39.22,-110.99,85162
39.2,-114.49,55018
39.19,-97.61,38031
39.19,-82.67,66072
39.19,-80.09,90140
39.18,-78.5,90048
39.17,-101.96,38038
39.16,-123.58,14081
39.16,-123.22,14210
39.15,-77.09,46011
39.15,-82.91,66074
39.14,-87.66,34077
39.13,-106.17,17410
39.12,-87.05,35313
39.11,-101.72,38323
39.11,-77,46012
39.1,-88.02,34076
39.1,-76.19,46037
39.09,-81.03,90036
39.09,-79.93,90046
39.08,-105.41,17041
39.08,-95.56,38026
39.08,-110.66,85112
39.08,-109.12,85313
39.07,-107.36,17309
39.07,-86.34,35023
39.07,-81.55,90035
39.06,-97.11,38019
39.05,-108.57,17138
39.04,-81.55,90034
39.04,-80.52,90039
39.03,-77.01,46110
39.03,-76.51,46121
39.02,-75.46,21004
39.01,-120.82,14418
39.01,-76.84,46022
39.01,-74.9,59231
38.99,-96.9,38016
38.98,-105.57,17048
38.98,-76.66,46123
38.98,-110.16,85317
38.97,-95.9,38014
38.96,-78.84,90149
38.95,-75.53,21003
38.95,-85.16,35315
38.91,-86.19,35037
38.91,-91.61,52019
38.9,-83.75,66085
38.89,-117.19,55121
38.88,-82.78,66087
38.87,-116.4,55022
38.85,-94.87,38013
38.84,-89.39,34316
38.84,-99.46,38023
38.83,-104.09,17019
38.83,-107.6,17216
38.83,-87.74,34058
38.82,-80.79,90026
38.81,-78.56,88007
38.81,-78.74,88008
38.8,-123.58,14014
38.79,-121.84,14187
38.79,-120.72,14420
38.79,-81.4,90014
38.78,-75.88,46038
38.78,-76.07,46040
38.77,-119.82,14082
38.77,-86.76,35035
38.77,-112.1,85165
38.76,-120.92,14153
38.76,-120.44,14188
38.76,-103.34,17320
38.76,-86.54,35314
38.74,-106.43,17217
38.74,-75.28,21010
38.73,-120.57,14419
38.73,-108.62,17045
38.73,-75.46,21109
38.73,-109.87,85118
38.72,-121.03,14098
38.72,-101.65,38024
38.72,-84.82,39039
38.71,-76.81,46124
38.71,-81.02,90016
38.71,-80.49,90025
38.7,-88.16,34056
38.69,-108.13,17015
38.69,-104.07,17049
38.69,-102.59,17051
38.69,-89.53,34051
38.68,-95.12,38310
38.68,-98.77,38313
38.68,-109.47,85218
38.67,-75.23,21107
38.67,-88.42,34057
38.66,-89.66,34052
38.66,-85.94,35038
38.66,-94.1,52124
38.66,-83.41,66086
38.64,-105.77,17318
38.63,-85.74,35041
38.62,-77.58,88012
38.6,-77.07,46030
38.6,-80.02,90023
38.59,-106.91,17046
38.58,-92.43,52021
38.58,-81.79,90019
38.57,-78.5,88005
38.56,-80.89,90028
38.56,-79.42,90031
38.55,-98.03,38021
38.55,-76.97,46028
38.54,-122.71,14186
38.54,-104.45,17319
38.53,-95.85,38015
38.52,-89.81,34050
38.52,-96.91,38311
38.52,-76.84,46029
38.52,-76.21,46043
38.52,-75.79,46044
38.52,-113.67,85164
38.51,-106.75,17017
38.51,-106.55,17047
38.5,-76.57,46126
38.49,-88.88,34317
38.49,-112,85115
38.47,-110.28,85117
38.46,-98.97,38020
38.46,-100.72,38315
38.46,-76.19,46041
38.45,-78.17,88006
38.44,-88.97,34055
38.44,-75.78,46046
38.44,-93.22,52122
38.44,-109.38,85368
38.43,-84.16,39040
38.43,-82.99,39146
38.42,-83.09,39145
38.4,-76.55,46125
38.38,-90.25,34049
38.37,-122.51,14302
38.37,-84.57,39041
38.37,-79.81,90030
38.36,-105.22,17218
38.36,-96.56,38017
38.36,-76.24,46042
38.35,-120.67,14357
38.35,-89.29,34053
38.35,-91.8,52061
38.34,-119.83,14018
38.34,-123.04,14193
38.34,-80.37,90024
38.32,-89.7,34078
38.31,-99.23,38314
38.31,-75.11,46149
38.3,-75.56,46145
38.3,-111.51,85316
38.29,-102.73,17221
38.29,-80.52,90029
38.28,-79.45,88003
38.27,-108.53,17365
38.27,-92.9,52020
38.26,-86.14,35039
38.26,-85.2,39137
38.24,-102.21,17321
38.24,-88.23,34054
38.22,-75.26,46048
38.21,-94.61,38309
38.21,-81.96,90020
38.2,-99.66,38022
38.2,-97.2,38312
38.2,-83.92,39044
38.2,-75.41,46150
38.2,-112.64,85015
38.19,-101.35,38316
38.19,-79.16,88004
38.18,-109.41,85318
38.17,-119.19,14096
38.17,-120.03,14434
38.17,-103.94,17050
38.17,-103.23,17220
38.17,-77.21,88010
38.16,-84.06,39043
38.16,-76.54,46027
38.16,-75.57,46047
38.16,-92.59,52062
38.15,-105.51,17368
38.14,-102.52,17021
38.14,-115.61,55023
38.12,-121.52,14352
38.09,-87.39,35034
38.08,-121.75,14016
38.08,-91.98,52018
38.08,-80.22,90027
38.06,-108.46,17315
38.06,-104.41,17419
38.05,-106.86,17367
38.04,-122.86,14071
38.03,-88.2,34079
37.99,-87.44,35042
37.98,-122.59,14083
37.98,-96.39,38004
37.98,-84.81,39023
37.97,-89.74,34060
37.95,-103.87,17327
37.95,-101.43,38012
37.94,-107.82,17373
37.94,-80.73,90002
37.93,-121.16,14320
37.93,-85.09,39026
37.92,-98.83,38008
37.92,-111.18,85021
37.91,-87.62,35316
37.9,-91.42,52011
37.9,-78.54,88022
37.89,-113.65,85119
37.89,-78.68,88021
37.88,-110.36,85022
37.88,-76.67,88030
37.86,-89.07,34318
37.85,-98.87,38305
37.84,-95.5,38003
37.83,-108.76,17322
37.82,-99.38,38306
37.82,-100.87,38307
37.82,-85.71,39127
37.82,-111.84,85121
37.81,-122.14,14172
37.79,-108.02,17052
37.79,-96.43,38303
37.79,-97.46,38304
37.79,-113.45,85019
37.78,-108.08,17222
37.77,-107,17153
37.77,-93.85,52015
37.76,-111.66,85321
37.74,-119.8,14156
37.73,-83.56,39117
37.72,-80.81,90001
37.71,-120.19,14421
37.71,-87.69,39035
37.7,-78.78,88023
37.69,-105.92,17225
37.69,-114.74,55028
37.68,-102.29,17028
37.67,-90.07,52057
37.67,-90.64,52109
37.67,-109.4,85123
37.66,-121.73,14303
37.66,-113.54,85319
37.66,-80.31,90003
37.65,-76.34,88029
37.63,-106.42,17154
37.63,-83.8,39118
37.61,-81.11,90006
37.6,-115.03,55027
37.59,-120.86,14021
37.59,-88.5,34062
37.59,-86.29,39030
37.58,-85.73,39124
37.57,-110.71,85122
37.54,-75.73,88032
37.53,-79.29,88020
37.53,-81.76,90007
37.51,-121.15,14155
37.51,-95.32,38002
37.51,-98.82,38009
37.51,-92.92,52013
37.51,-91.03,52058
37.47,-84.81,39022
37.46,-88.16,34081
37.46,-110.7,85172
37.45,-93.51,52014
37.45,-112.32,85170
37.44,-108.47,17372
37.41,-118,14192
37.41,-85.12,39025
37.41,-112.79,85020
37.39,-84.66,39021
37.38,-101.24,38308
37.37,-91.55,52010
37.36,-119.63,14022
37.36,-95.44,38302
37.33,-104.58,17376
37.33,-92.83,52059
37.33,-78.98,88024
37.32,-88.32,39036
37.32,-112.45,85320
37.31,-88.94,34061
37.31,-97.34,38006
37.3,-96.1,38105
37.3,-89.52,52007
37.3,-81.15,90005
37.29,-88.94,34319
37.28,-105.55,17125
37.25,-121.67,14189
37.25,-119.16,14205
37.25,-86.13,39028
37.25,-90.3,52008
37.24,-87.33,39132
37.24,-89.8,52056
37.23,-107.18,17223
37.23,-107.86,17423
37.23,-89.23,34059
37.23,-97.25,38007
37.23,-78.26,88049
37.21,-122.15,14194
37.21,-107.79,17023
37.21,-109.17,85023
37.21,-82.47,88013
37.21,-77.62,88028
37.2,-89.27,34080
37.18,-105.74,17055
37.17,-118.02,14023
37.17,-80.41,88116
37.16,-122.22,14319
37.16,-102.27,17228
37.16,-99.27,38010
37.14,-94.11,52016
37.12,-119.7,14191
37.1,-102.57,17058
37.1,-87.35,39134
37.09,-105.52,17425
37.08,-76.98,88031
37.07,-88.51,34063
37.07,-111.66,85171
37.06,-113.77,85169
37.04,-104.05,17056
37.04,-79.07,88051
37.01,-81.94,88014
36.99,-86.63,39006
36.96,-90.54,52052
36.94,-115.27,55130
36.94,-99.36,67031
36.92,-86.33,39107
36.92,-94.69,67022
36.91,-111.45,6053
36.91,-95.12,67023
36.9,-88.86,39002
36.9,-116.76,55029
36.88,-93.39,52055
36.86,-89.04,39112
36.86,-91.68,52003
36.85,-92.5,52004
36.85,-78.59,88041
36.83,-108.01,60201
36.82,-84.83,39011
36.82,-89.24,52001
36.81,-118.9,14132
36.81,-85.71,39008
36.79,-87.96,39004
36.77,-101.18,67070
36.77,-102.26,67071
36.76,-96.06,67026
36.76,-80.19,88037
36.75,-96.36,67065
36.74,-121.15,14225
36.74,-80.91,88047
36.73,-112.04,6002
36.72,-90.98,52053
36.72,-103.57,60006
36.72,-76.01,88048
36.7,-85.26,39009
36.7,-99.72,67032
36.7,-82.74,88134
36.69,-113.45,6101
36.68,-88.18,39003
36.66,-87,39005
36.66,-98.97,67030
36.65,-98.16,67067
36.64,-92.97,52054
36.63,-119.3,14054
36.63,-79.25,88040
36.61,-84.99,39010
36.61,-106.9,60153
36.61,-76.27,88046
36.6,-111.07,6103
36.6,-83.7,39001
36.6,-108.92,60051
36.6,-104.72,60155
36.6,-79.76,88039
36.6,-77.14,88043
36.59,-90.74,52002
36.59,-77.28,88044
36.58,-104.11,60005
36.58,-102.78,67034
36.55,-81.48,63301
36.55,-87.75,82114
36.52,-106.33,60003
36.5,-118.09,14116
36.5,-86.66,82020
36.5,-85.67,82026
36.49,-80.53,63234
36.47,-79.11,63303
36.46,-118.65,14117
36.46,-100.44,83104
36.45,-121.69,14108
36.45,-78.43,63232
36.44,-90.92,7025
36.43,-107.47,60052
36.43,-100.73,83374
36.41,-75.92,63329
36.41,-89.43,82001
36.4,-92.11,7027
36.4,-94.11,7029
36.4,-95.81,67024
36.36,-96.04,67125
36.35,-76.97,63023
36.34,-80.6,63302
36.33,-105.29,60154
36.32,-94.66,67063
36.32,-86.33,82019
36.31,-112.03,6052
36.31,-82.07,82042
36.3,-89.36,82002
36.29,-95.68,67064
36.28,-113.06,6051
36.28,-80.64,63027
36.28,-101.04,83103
36.27,-81.59,63228
36.26,-101.35,83375
36.25,-121.42,14195
36.25,-77.97,63024
36.23,-97.6,67027
36.23,-99.57,67068
36.22,-120.51,14053
36.18,-98.91,67129
36.17,-78.21,63304
36.17,-88.31,82008
36.17,-86.99,82013
36.16,-107.7,60002
36.12,-93.28,7028
36.09,-91.73,7026
36.09,-85.7,82025
36.07,-105.79,60004
36.05,-78.48,63025
36.04,-84.34,82034
36.04,-82.91,82041
36.02,-102.1,83376
36.01,-118.12,14423
35.98,-79.46,63014
35.97,-103.68,60056
35.97,-96.29,67059
35.96,-77.44,63010
35.94,-88.9,82011
35.92,-80.72,63217
35.91,-91.34,7019
35.91,-82.64,63220
35.9,-83.92,82040
35.89,-118.85,14341
35.89,-98.6,67019
35.87,-87.32,82016
35.86,-114.66,6206
35.86,-75.86,63107
35.85,-86.82,82022
35.84,-103.67,60062
35.84,-94.88,67011
35.82,-81.64,63119
35.81,-88.86,82012
35.8,-120.53,14032
35.78,-93.06,7023
35.78,-107.26,60008
35.76,-97.69,67060
35.75,-77.23,63313
35.75,-102.24,83100
35.73,-86.16,82023
35.73,-83.8,82139
35.73,-101.18,83372
35.72,-115.2,55032
35.72,-96.12,67015
35.72,-95.57,67058
35.7,-114.71,55033
35.7,-100.93,83105
35.68,-89.33,82005
35.66,-105.33,60060
35.65,-104.37,60111
35.63,-92.71,7020
35.6,-117.8,14059
35.59,-79.33,63318
35.58,-82.48,63121
35.58,-99.02,67062
35.57,-92.19,7021
35.57,-105.67,60010
35.55,-113.37,6107
35.54,-115.42,14062
35.54,-118.2,14128
35.52,-106.05,60009
35.52,-78.9,63212
35.51,-90.28,7117
35.49,-76.54,63208
35.49,-87.67,82018
35.48,-90.68,7016
35.46,-99.73,67020
35.44,-107.44,60058
35.42,-113.8,6057
35.42,-93.66,7022
35.41,-78.06,63013
35.41,-88.54,82009
35.4,-103.5,60112
35.39,-111.57,6009
35.38,-85.91,82027
35.37,-100.97,83371
35.36,-89.07,82006
35.35,-94.33,7024
35.34,-98.39,67061
35.34,-88.81,82010
35.34,-87.14,82017
35.33,-79.8,63215
35.33,-86.66,82021
35.31,-91.35,7118
35.31,-120.5,14138
35.31,-83.21,63030
35.3,-116.91,14036
35.3,-85.16,82130
35.29,-108.91,60057
35.29,-82.38,63221
35.28,-77.71,63011
35.26,-108.12,60107
35.26,-78.05,63312
35.26,-99.88,67021
35.24,-80.66,63216
35.24,-77.06,63319
35.23,-112.58,6108
35.23,-94.45,67057
35.21,-80.29,63017
35.2,-101.57,83101
35.17,-97.42,67017
35.17,-85.66,82029
35.16,-111.94,6059
35.16,-84.04,63222
35.16,-87.68,82015
35.14,-82.83,63308
35.12,-114.58,6056
35.1,-77.19,63311
35.1,-96.43,67014
35.1,-85.36,82128
35.1,-84.39,82135
35.09,-119.72,14140
35.05,-89.37,82003
35.04,-76.9,63108
35.04,-98.12,67018
34.99,-83.96,63307
34.98,-86.06,2073
34.98,-114.48,6012
34.97,-94.04,7015
34.95,-76.65,63002
34.93,-76.84,63202
34.93,-78.85,63316
34.93,-100.83,83095
34.92,-86.98,2072
34.92,-90.5,7008
34.91,-83.4,27041
34.91,-99.71,67010
34.9,-84.51,27335
34.86,-87.6,2001
34.86,-86.2,2007
34.86,-107.24,60114
34.83,-111.43,6115
34.83,-119.32,14142
34.8,-89.81,51012
34.79,-87.38,2071
34.78,-104.94,60067
34.76,-84.06,27040
34.75,-85.85,2204
34.74,-79.81,80054
34.73,-119.04,14118
34.72,-113.91,6013
34.7,-110.76,6066
34.7,-91.7,7109
34.7,-92.8,7111
34.7,-119.61,14427
34.68,-82.65,80116
34.66,-83.28,80018
34.64,-112.43,6014
34.64,-88.13,51042
34.63,-108.44,60013
34.62,-80.77,80112
34.61,-110.37,6116
34.6,-100.73,83368
34.59,-77.79,63204
34.58,-80.44,80053
34.56,-84.72,27026
34.53,-78.07,63004
34.52,-117.94,14112
34.52,-94.93,67051
34.52,-95.35,67103
34.5,-86.68,2006
34.5,-106.19,60065
34.5,-79.42,80010
34.49,-83.54,27030
34.47,-79.2,63106
34.46,-103.47,60068
34.44,-96.82,67005
34.44,-81.28,80015
34.42,-87.39,2057
34.42,-90.49,51104
34.41,-97.45,67054
34.41,-100.19,83096
34.4,-78.05,63205
34.39,-83.1,27333
34.38,-85.04,27039
34.37,-97.85,67106
34.37,-101.57,83369
34.35,-111.1,6065
34.35,-92.63,7112
34.34,-108.52,60263
34.32,-78.59,63005
34.31,-86.47,2046
34.3,-85.93,2109
34.28,-88.06,2201
34.25,-118.1,14104
34.23,-113.59,6063
34.21,-86.47,2105
34.2,-102.23,83097
34.19,-82.75,27332
34.17,-83.83,27331
34.17,-107.3,60164
34.16,-89.67,51039
34.13,-87.76,2045
34.13,-77.87,63003
34.13,-97.21,67007
34.11,-106.87,60115
34.1,-104.22,60017
34.09,-98.31,83366
34.08,-115.1,14069
34.05,-84.78,27027
34.05,-105.81,60116
34.05,-101.32,83106
34.04,-91.49,7010
34.03,-83.31,27024
34.03,-82.09,80051
34.02,-85.71,2008
34.02,-103.73,60018
34.02,-79.78,80006
33.99,-105.11,60166
33.96,-90.76,51040
33.94,-85.45,2162
33.93,-100.07,83107
33.92,-113.82,6119
33.92,-108.18,60019
33.92,-78.21,63101
33.92,-94.56,67050
33.91,-101.06,83364
33.9,-99.18,83078
33.89,-98.97,83362
33.87,-82.55,27325
33.86,-109.16,6073
33.86,-88.65,51025
33.85,-86.38,2207
33.84,-87.58,2016
33.8,-82.27,80021
33.78,-82.48,27019
33.76,-80.53,80056
33.74,-107.32,60020
33.74,-103.64,60074
33.72,-81.35,80009
33.71,-86.44,2061
33.71,-106.95,60071
33.7,-112.27,6020
33.69,-94.12,7007
33.69,-95.7,83358
33.68,-88.16,2205
33.68,-83.7,27326
33.68,-105.84,60022
33.68,-105.07,60072
33.68,-80.05,80007
33.68,-96.75,83072
33.67,-115.8,14088
33.66,-93.66,7006
33.65,-114.21,6018
33.64,-108.79,60069
33.64,-79.43,80004
33.63,-84.21,27044
33.62,-85.74,2111
33.61,-109.1,6123
33.61,-83.6,27045
33.61,-79.32,80057
33.6,-85.75,2012
33.6,-91.11,51034
33.59,-86.2,2751
33.59,-92.69,7004
33.56,-110.94,6122
33.56,-94.5,83069
33.56,-97.27,83075
33.55,-89.39,51113
33.53,-85.25,27036
33.52,-87,2017
33.51,-83.09,27031
33.51,-107.21,60070
33.5,-116.79,14226
33.5,-104.47,60073
33.47,-88.17,2019
33.45,-86.6,2014
33.4,-114.72,14049
33.4,-85.25,27329
33.39,-116.8,14047
33.38,-84.28,27327
33.37,-93.47,7005
33.36,-94.74,83068
33.36,-98.92,83076
33.36,-99.65,83179
33.36,-96.06,83273
33.35,-100.69,83363
33.34,-102.95,83094
33.33,-112.67,6070
33.32,-80.46,80005
33.31,-91.89,7001
33.31,-103.62,60024
33.3,-117.34,14220
33.29,-86.33,2156
33.28,-88,2059
33.28,-112.93,6069
33.28,-79.69,80002
33.27,-102.78,83365
33.26,-87.42,2060
33.22,-115.48,14089
33.22,-90.09,51005
33.21,-90.69,51007
33.21,-95.48,83071
33.19,-85.92,2010
33.19,-116.78,14106
33.18,-85.46,2209
33.18,-101.56,83092
33.16,-91.33,7002
33.15,-88.62,51023
33.14,-81.04,80055
33.13,-87.82,2047
33.13,-96.16,83359
33.12,-89.1,51038
33.11,-87.1,2043
33.1,-83.81,27046
33.09,-94.04,83357
33.08,-104.82,60023
33.05,-95.81,83070
33.03,-111.37,6121
33.02,-82.83,27048
33,-83.99,27015
32.98,-98.38,83065
32.97,-92.56,42061
32.97,-91.51,42303
32.95,-111.33,6127
32.95,-105.74,60028
32.95,-80.26,80101
32.94,-115.53,14150
32.94,-83.64,27035
32.94,-92.26,42139
32.93,-84.49,27016
32.92,-113.54,6025
32.92,-116.48,14221
32.92,-107.62,60076
32.9,-116.23,14051
32.88,-85.2,2028
32.88,-82.36,27051
32.85,-114.44,6074
32.85,-84.41,27322
32.85,-91.26,42060
32.85,-80.65,80013
32.84,-103.14,60080
32.83,-114.39,6024
32.82,-86.11,2164
32.82,-99.13,83067
32.8,-87.76,2049
32.8,-90.19,51006
32.77,-96.02,83350
32.75,-93.54,42140
32.75,-81.04,80058
32.69,-81.47,27310
32.69,-97.72,83063
32.68,-88.12,2048
32.66,-101.96,83093
32.65,-86.7,2025
32.65,-104.39,60029
32.64,-109.81,6079
32.64,-81.69,27054
32.63,-81.84,27309
32.62,-98.36,83352
32.61,-116.2,14137
32.6,-94.7,83056
32.59,-99.81,83353
32.58,-85.71,2051
32.58,-93.43,42301
32.58,-89.86,51032
32.56,-89.1,51016
32.56,-105.57,60078
32.56,-96.13,83060
32.56,-101.9,83355
32.55,-93.48,42128
32.54,-110.5,6078
32.54,-83.74,27321
32.53,-107.48,60126
32.53,-80.68,80059
32.5,-85.25,2212
32.5,-88.92,51026
32.48,-86.56,2211
32.48,-91.42,42038
32.47,-103.29,60130
32.46,-112.86,6126
32.46,-92.62,42026
32.45,-90.88,51036
32.44,-87.21,2022
32.43,-85.87,2065
32.41,-87.53,2063
32.4,-112.93,6080
32.39,-83.45,27014
32.39,-108.72,60075
32.38,-91.65,42124
32.38,-106.72,60027
32.37,-83.78,27028
32.32,-86.71,2050
32.32,-89.48,51015
32.31,-85.55,2027
32.31,-84.56,27038
32.31,-97.49,83351
32.3,-92.34,42125
32.27,-87.83,2021
32.25,-81.03,80003
32.24,-104.69,60079
32.19,-87.37,2210
32.18,-84.26,27033
32.17,-82.95,27050
32.16,-98.04,83064
32.14,-85.06,2029
32.14,-83.57,27049
32.13,-88.31,2020
32.13,-86.27,2024
32.12,-90.74,51035
32.12,-102.83,83108
32.11,-93.25,42062
32.1,-82.37,27112
32.1,-90.57,51008
32.07,-93.97,42027
32.07,-100.64,83354
32.07,-101.92,83356
32.06,-95.28,83349
32.05,-92.12,42302
32.03,-110.3,6028
32,-92.38,42058
31.98,-109.2,6133
31.98,-93.44,42304
31.97,-91.44,42018
31.96,-82.35,27005
31.95,-92.81,42305
31.92,-108.99,60031
31.91,-83.55,27052
31.91,-108.31,60081
31.88,-84.97,27009
31.88,-94.52,83045
31.86,-96.22,83336
31.85,-95.97,83147
31.84,-106.61,83346
31.83,-107.56,60082
31.81,-109.69,6033
31.81,-92.05,42036
31.75,-104.97,83344
31.74,-87.63,2214
31.74,-84.71,27010
31.73,-87.2,2036
31.73,-91.59,42057
31.72,-85.25,2216
31.72,-81.25,27305
31.72,-89.34,51031
31.71,-111.06,6081
31.7,-87.77,2053
31.7,-83.24,27007
31.7,-91.05,51010
31.7,-103.59,83343
31.68,-88.52,51028
31.66,-85.65,2055
31.66,-93.57,42137
31.64,-109.47,6083
31.61,-83.91,27029
31.61,-81.62,27156
31.61,-93.92,83333
31.61,-98.65,83438
31.6,-89.81,51017
31.59,-99.42,83439
31.58,-101.71,83341
31.56,-92.96,42119
31.56,-95.3,83335
31.55,-84.65,27318
31.53,-90.15,51033
31.51,-110.79,6032
31.5,-99.16,83055
31.48,-93.14,42221
31.46,-92.29,42020
31.45,-82.8,27155
31.45,-93.66,42059
31.44,-86.61,2034
31.43,-96.59,83049
31.43,-98.17,83053
31.4,-86.27,2067
31.39,-91.39,51002
31.39,-100.29,83340
31.37,-87.72,2753
31.31,-87.12,2038
31.31,-96.61,83048
31.29,-88.38,2052
31.29,-84.4,27021
31.28,-99.56,83054
31.23,-89.82,51018
31.23,-88.79,51027
31.22,-86.09,2054
31.22,-87.06,2066
31.21,-83.25,27018
31.2,-94.81,83044
31.2,-105.33,83345
31.19,-82.23,27117
31.18,-91.67,42017
31.18,-97.9,83051
31.18,-100.91,83085
31.13,-98.04,83052
31.12,-94.09,83334
31.08,-91.54,51101
31.07,-87.83,2137
31.06,-81.93,27304
31.06,-93.49,42122
31.06,-102.38,83111
31.05,-89.27,51037
31.02,-90.57,51043
31,-85.21,2031
30.99,-86.88,2035
30.98,-99.44,83043
30.96,-104.17,83189
30.95,-98.73,83041
30.94,-85.74,25055
30.92,-87.4,25001
30.92,-83.02,27004
30.88,-90.24,42010
30.87,-81.57,27001
30.87,-101.65,83112
30.86,-91.51,42012
30.85,-90.73,42032
30.83,-93.31,42016
30.83,-90.14,42410
30.81,-84.52,27006
30.81,-88.76,51030
30.81,-103.94,83331
30.8,-87.63,2218
30.79,-89.71,51020
30.79,-94.08,83032
30.78,-95.8,83135
30.76,-92.42,42414
30.76,-96.72,83136
30.73,-93.64,83347
30.72,-81.9,25019
30.72,-86.78,25052
30.71,-86.11,25053
30.71,-94.93,83033
30.7,-90.51,42009
30.7,-100.84,83113
30.69,-97.58,83139
30.68,-87.96,2754
30.66,-83.8,27057
30.65,-92.43,42113
30.61,-89.51,51119
30.61,-103.36,83330
30.6,-82.7,27158
30.6,-95.62,83322
30.59,-84.04,25006
30.59,-94.18,83321
30.59,-102.6,83329
30.56,-103.91,83392
30.53,-85.24,25054
30.53,-85.83,25107
30.53,-95.5,83034
30.52,-85.13,25004
30.52,-96.19,83237
30.51,-86.48,25003
30.51,-83.21,25061
30.5,-82.73,25012
30.49,-88.79,51229
30.47,-91.21,42309
30.42,-92.28,42055
30.4,-93.16,42056
30.38,-84.66,25057
30.37,-87.6,2142
30.37,-86.27,25002
30.35,-83.33,25058
30.35,-99.14,83042
30.33,-85.28,25005
30.32,-85,25108
30.3,-87.72,2070
30.3,-99.71,83326
30.29,-83.66,25056
30.28,-87.51,2141
30.28,-103.44,83088
30.27,-83.85,25010
30.27,-89.84,42208
30.26,-90.94,42053
30.25,-82.16,25037
30.24,-98.05,83140
30.23,-103.37,83390
30.2,-96.65,83323
30.16,-93.58,42307
30.14,-101.32,83328
30.09,-81.8,25138
30.09,-97.78,83324
30.08,-92.45,42034
30.07,-104.45,83391
30.06,-91.82,42011
30.04,-104.02,83184
30.02,-82.81,25059
30.01,-100.21,83327
30,-93.34,42015
29.98,-84.97,25015
29.98,-91.95,42051
29.94,-84.34,25062
29.94,-101.73,83418
29.92,-101.24,83081
29.91,-94.04,83311
29.9,-90.92,42003
29.89,-81.83,25021
29.89,-93.4,42207
29.88,-81.34,25018
29.84,-92.23,42031
29.82,-97.74,83027
29.78,-85.3,25009
29.78,-95.83,83023
29.78,-97.02,83026
29.77,-93.01,42106
29.75,-90.55,42104
29.73,-94.4,83021
29.71,-91.87,42030
29.69,-89.96,42101
29.69,-91.2,42105
29.68,-83.06,25084
29.67,-94.34,83020
29.66,-83.37,25011
29.57,-104.37,83320
29.55,-92.3,42311
29.53,-81.87,25063
29.53,-96.5,83025
29.53,-100.01,83317
29.45,-82.11,25113
29.4,-81.19,25064
29.35,-99.14,83030
29.27,-97.98,83029
29.21,-97.14,83314
29.19,-82.39,25014
29.19,-103,83082
29.18,-82.28,25165
29.18,-95.61,83312
29.16,-103.61,83319
29.12,-95.24,83022
29.09,-98.64,83315
29.01,-96.93,83024
28.94,-99.85,83019
28.92,-97.96,83015
28.9,-95.61,83011
28.78,-97.22,83214
28.74,-80.87,25025
28.74,-95.76,83305
28.69,-81.54,25068
28.67,-98.38,83017
28.64,-82.17,25066
28.59,-99.29,83309
28.52,-96.5,83013
28.51,-98.11,83308
28.32,-82.3,25020
28.32,-81.33,25069
28.28,-98.31,83016
28.27,-82.63,25085
28.17,-81.86,25022
28.17,-99.77,83018
28.1,-80.89,25067
28.04,-82.5,25116
27.97,-99.26,83009
27.96,-80.96,25030
27.9,-81.71,25129
27.86,-80.44,25175
27.76,-82.33,25070
27.76,-81.45,25073
27.71,-99.72,83304
27.68,-97.47,83006
27.66,-82.14,25027
27.53,-97.94,83005
27.44,-82.11,25017
27.34,-97.69,83302
27.32,-81.41,25024
27.32,-98.96,83008
27.29,-98.5,83303
27.07,-98.82,83007
27.04,-99.43,83410
26.96,-80.38,25031
26.94,-81.76,25086
26.93,-97.65,83378
26.92,-82.03,25132
26.9,-98.6,83003
26.89,-98.13,83002
26.87,-81.35,25082
26.78,-99.12,83204
26.55,-81.12,25081
26.53,-97.7,83098
26.29,-81.44,25026
26.19,-97.35,83001
26.15,-97.94,83301
25.93,-81.65,25087
25.75,-80.96,25028
25.61,-80.41,25178
25.49,-80.54,25079
25.3,-80.39,25180
25.13,-80.93,25135