,site,lat,long
39262,25079,25.49,-80.54
39779,25180,25.3,-80.39
39758,25178,25.61,-80.41
104443,83002,26.89,-98.13
106912,83098,26.53,-97.7
107757,83301,26.15,-97.94
38413,25026,26.29,-81.44
39306,25082,26.87,-81.35
39281,25081,26.55,-81.12
104636,83008,27.32,-98.96
104588,83007,27.07,-98.82
109991,83410,27.04,-99.43
107785,83302,27.34,-97.69
104533,83005,27.53,-97.94
107835,83303,27.29,-98.5
39203,25070,27.76,-82.33
39400,25086,26.94,-81.76
38146,25017,27.44,-82.11
104833,83016,28.28,-98.31
104887,83017,28.67,-98.38
107946,83308,28.51,-98.11
39146,25068,28.69,-81.54
38323,25022,28.17,-81.86
38251,25020,28.32,-82.3
39115,25067,28.1,-80.89
38494,25030,27.96,-80.96
39172,25069,28.32,-81.33
108107,83314,29.21,-97.14
105149,83024,29.01,-96.93
107650,83214,28.78,-97.22
107918,83305,28.74,-95.76
105082,83022,29.12,-95.24
108075,83312,29.18,-95.61
39543,25113,29.45,-82.11
39014,25063,29.53,-81.87
39707,25165,29.18,-82.28
107410,83140,30.24,-98.05
105249,83027,29.82,-97.74
108444,83324,30.09,-97.78
108035,83311,29.91,-94.04
57271,42207,29.89,-93.4
55834,42015,30.0,-93.34
56265,42034,30.08,-92.45
56483,42056,30.4,-93.16
56875,42106,29.77,-93.01
56178,42031,29.84,-92.23
56150,42030,29.71,-91.87
56380,42051,29.98,-91.95
57644,42309,30.47,-91.21
56804,42104,29.75,-90.55
56842,42105,29.69,-91.2
19277,2070,30.3,-87.72
19700,2141,30.28,-87.51
19739,2142,30.37,-87.6
37818,25005,30.33,-85.28
37910,25009,29.78,-85.3
37765,25004,30.52,-85.13
39501,25108,30.32,-85.0
38107,25015,29.98,-84.97
38810,25057,30.38,-84.66
37989,25011,29.66,-83.37
37949,25010,30.27,-83.85
38845,25058,30.35,-83.33
38889,25059,30.02,-82.81
38022,25012,30.5,-82.73
39333,25084,29.68,-83.06
39679,25138,30.09,-81.8
38552,25037,30.25,-82.16
38288,25021,29.89,-81.83
108622,83330,30.61,-103.36
108649,83331,30.81,-103.94
109956,83392,30.56,-103.91
108367,83322,30.6,-95.62
107269,83135,30.78,-95.8
105452,83034,30.53,-95.5
108326,83321,30.59,-94.18
105412,83033,30.71,-94.93
105610,83044,31.2,-94.81
109038,83347,30.73,-93.64
55871,42016,30.83,-93.31
56970,42122,31.06,-93.49
70298,51101,31.08,-91.54
55928,42017,31.18,-91.67
55781,42012,30.86,-91.51
70251,51043,31.02,-90.57
56215,42032,30.85,-90.73
55647,42009,30.7,-90.51
55694,42010,30.88,-90.24
69413,51018,31.23,-89.82
69461,51020,30.79,-89.71
70040,51037,31.05,-89.27
69743,51030,30.81,-88.76
70429,51119,30.61,-89.51
19653,2137,31.07,-87.83
20587,2754,30.68,-87.96
18695,2052,31.29,-88.38
20550,2753,31.37,-87.72
20445,2218,30.8,-87.63
18230,2038,31.31,-87.12
18160,2035,30.99,-86.88
19232,2067,31.4,-86.27
38589,25052,30.72,-86.78
18085,2031,31.0,-85.21
39448,25107,30.53,-85.83
38719,25055,30.94,-85.74
41882,27158,30.6,-82.7
40272,27018,31.21,-83.25
39837,27004,30.92,-83.02
38214,25019,30.72,-81.9
41919,27304,31.06,-81.93
41752,27117,31.19,-82.23
22235,6028,32.03,-110.3
22939,6081,31.71,-111.06
22282,6032,31.51,-110.79
110105,83439,31.59,-99.42
110067,83438,31.61,-98.65
105937,83055,31.5,-99.16
105732,83049,31.43,-96.59
107466,83147,31.85,-95.97
108818,83336,31.86,-96.22
57149,42137,31.66,-93.57
56100,42027,32.07,-93.97
57502,42304,31.98,-93.44
56013,42020,31.46,-92.29
57050,42125,32.3,-92.34
57332,42221,31.48,-93.14
56533,42057,31.73,-91.59
57417,42302,32.05,-92.12
55971,42018,31.97,-91.44
69168,51010,31.7,-91.05
69120,51008,32.1,-90.57
69956,51035,32.12,-90.74
69695,51028,31.68,-88.52
17683,2020,32.13,-88.31
17726,2021,32.27,-87.83
20361,2214,31.74,-87.63
20228,2210,32.19,-87.37
18736,2053,31.7,-87.77
18587,2050,32.32,-86.71
18121,2034,31.44,-86.61
17791,2024,32.13,-86.27
18821,2055,31.66,-85.65
20401,2216,31.72,-85.25
17908,2027,32.31,-85.55
40946,27038,32.31,-84.56
42098,27318,31.55,-84.65
40075,27010,31.74,-84.71
41546,27052,31.91,-83.55
41387,27049,32.14,-83.57
40631,27029,31.61,-83.91
41789,27155,31.45,-82.8
39977,27007,31.7,-83.24
41436,27050,32.17,-82.95
41697,27112,32.1,-82.37
39884,27005,31.96,-82.35
41838,27156,31.61,-81.62
29985,14137,32.61,-116.2
31940,14221,32.92,-116.48
25401,14051,32.9,-116.23
106764,83093,32.66,-101.96
106714,83092,33.18,-101.56
109319,83355,32.56,-101.9
106087,83063,32.69,-97.72
109203,83352,32.62,-98.36
106165,83065,32.98,-98.38
109466,83359,33.13,-96.16
109116,83350,32.77,-96.02
106041,83060,32.56,-96.13
57368,42301,32.58,-93.43
109376,83357,33.09,-94.04
57233,42140,32.75,-93.54
57464,42303,32.97,-91.51
57012,42124,32.38,-91.65
57190,42139,32.94,-92.26
23608,7002,33.16,-91.33
56653,42060,32.85,-91.26
69080,51007,33.21,-90.69
68979,51005,33.22,-90.09
69026,51006,32.8,-90.19
69836,51032,32.58,-89.86
69318,51016,32.56,-89.1
70082,51038,33.12,-89.1
69598,51026,32.5,-88.92
18495,2048,32.68,-88.12
18442,2047,33.13,-87.82
69508,51023,33.15,-88.62
18281,2043,33.11,-87.1
18537,2049,32.8,-87.76
17757,2022,32.44,-87.21
20270,2211,32.48,-86.56
19899,2164,32.82,-86.11
17848,2025,32.65,-86.7
20172,2209,33.18,-85.46
20308,2212,32.5,-85.25
19133,2065,32.43,-85.87
40133,27014,32.39,-83.45
42140,27321,32.54,-83.74
41288,27046,33.1,-83.81
41591,27054,32.64,-81.69
41995,27309,32.63,-81.84
41490,27051,32.88,-82.36
100930,80055,33.14,-81.04
100588,80013,32.85,-80.65
42053,27310,32.69,-81.47
25317,14047,33.39,-116.8
31886,14220,33.3,-117.34
32047,14226,33.5,-116.79
22714,6070,33.33,-112.67
22144,6020,33.7,-112.27
22690,6069,33.28,-112.93
22750,6073,33.86,-109.16
79390,60069,33.64,-108.79
23369,6123,33.61,-109.1
79439,60070,33.51,-107.21
78763,60020,33.74,-107.32
80041,60115,34.11,-106.87
79595,60074,33.74,-103.64
78875,60024,33.31,-103.62
78707,60018,34.02,-103.73
109506,83362,33.89,-98.97
106538,83078,33.9,-99.18
106489,83076,33.36,-98.92
91551,67050,33.92,-94.56
106283,83069,33.56,-94.5
106234,83068,33.36,-94.74
18934,2059,33.28,-88.0
17635,2019,33.47,-88.17
69557,51025,33.86,-88.65
18973,2060,33.26,-87.42
17586,2017,33.52,-87.0
17535,2016,33.84,-87.58
19028,2061,33.71,-86.44
19785,2156,33.29,-86.33
17483,2014,33.45,-86.6
17428,2012,33.6,-85.75
19592,2111,33.62,-85.74
17324,2008,34.02,-85.71
40513,27027,34.05,-84.78
42322,27327,33.38,-84.28
41175,27044,33.63,-84.21
41228,27045,33.61,-83.6
42276,27326,33.68,-83.7
40421,27024,34.03,-83.31
42235,27325,33.87,-82.55
40319,27019,33.78,-82.48
40732,27031,33.51,-83.09
100226,80002,33.28,-79.69
100355,80005,33.32,-80.46
100973,80056,33.76,-80.53
22607,6065,34.35,-111.1
22657,6066,34.7,-110.76
23185,6116,34.61,-110.37
91665,67054,34.41,-97.45
90728,67007,34.13,-97.21
90681,67005,34.44,-96.82
18331,2045,34.13,-87.76
17179,2001,34.86,-87.6
19317,2071,34.79,-87.38
19426,2073,34.98,-86.06
17232,2006,34.5,-86.68
18388,2046,34.31,-86.47
40466,27026,34.56,-84.72
42587,27335,34.9,-84.51
41003,27039,34.38,-85.04
41055,27040,34.76,-84.06
41112,27041,34.91,-83.4
86581,63307,34.99,-83.96
42538,27333,34.39,-83.1
100683,80018,34.66,-83.28
101248,80116,34.68,-82.65
85365,63106,34.47,-79.2
100540,80010,34.5,-79.42
86828,63316,34.93,-78.85
85740,63205,34.4,-78.05
84665,63004,34.53,-78.07
84715,63005,34.32,-78.59
23529,6206,35.86,-114.66
22496,6056,35.12,-114.58
75968,55033,35.7,-114.71
109727,83371,35.37,-100.97
107039,83105,35.7,-100.93
109753,83372,35.73,-101.18
91022,67018,35.04,-98.12
91855,67060,35.76,-97.69
91891,67061,35.34,-98.39
91703,67057,35.23,-94.45
90806,67011,35.84,-94.88
24295,7024,35.35,-94.33
23988,7016,35.48,-90.68
24803,7118,35.31,-91.35
24031,7019,35.91,-91.34
102771,82006,35.36,-89.07
102950,82010,35.34,-88.81
102726,82005,35.68,-89.33
103283,82017,35.34,-87.14
103213,82016,35.87,-87.32
103144,82015,35.16,-87.68
103611,82023,35.73,-86.16
103563,82022,35.85,-86.82
103506,82021,35.33,-86.66
104254,82130,35.3,-85.16
104199,82128,35.1,-85.36
103861,82029,35.17,-85.66
104355,82139,35.73,-83.8
103979,82040,35.9,-83.92
86143,63222,35.16,-84.04
85575,63121,35.58,-82.48
86041,63220,35.91,-82.64
86621,63308,35.14,-82.83
86776,63313,35.75,-77.23
86672,63311,35.1,-77.19
86930,63319,35.24,-77.06
31987,14225,36.74,-121.15
31628,14195,36.25,-121.42
29634,14108,36.45,-121.69
92225,67070,36.77,-101.18
107014,83104,36.46,-100.44
106996,83103,36.28,-101.04
91809,67059,35.97,-96.29
91331,67026,36.76,-96.06
92093,67065,36.75,-96.36
70567,52002,36.59,-90.74
71744,52053,36.72,-90.98
24347,7025,36.44,-90.92
102620,82002,36.3,-89.36
102560,82001,36.41,-89.43
70516,52001,36.82,-89.24
102825,82008,36.17,-88.31
53640,39003,36.68,-88.18
53695,39004,36.79,-87.96
103085,82013,36.17,-86.99
53757,39005,36.66,-87.0
104141,82114,36.55,-87.75
103737,82026,36.5,-85.67
53931,39009,36.7,-85.26
53872,39008,36.81,-85.71
103919,82034,36.04,-84.34
53994,39010,36.61,-84.99
54062,39011,36.82,-84.83
86353,63301,36.55,-81.48
114513,88047,36.74,-80.91
86412,63302,36.34,-80.6
114194,88039,36.6,-79.76
114145,88037,36.76,-80.19
86299,63234,36.49,-80.53
114242,88040,36.63,-79.25
84925,63014,35.98,-79.46
86470,63303,36.47,-79.11
86253,63232,36.45,-78.43
86526,63304,36.17,-78.21
85086,63024,36.25,-77.97
114341,88043,36.6,-77.14
84759,63010,35.96,-77.44
114401,88044,36.59,-77.28
30259,14155,37.51,-121.15
31356,14189,37.25,-121.67
32155,14303,37.66,-121.73
111831,85320,37.32,-112.45
110373,85020,37.41,-112.79
111221,85170,37.45,-112.32
33893,17023,37.21,-107.79
36672,17423,37.23,-107.86
36433,17372,37.44,-108.47
34701,17125,37.28,-105.55
36715,17425,37.09,-105.52
34629,17055,37.18,-105.74
34682,17058,37.1,-102.57
33942,17028,37.68,-102.29
35412,17228,37.16,-102.27
91464,67031,36.94,-99.36
51437,38009,37.51,-98.82
51482,38010,37.16,-99.27
51174,38002,37.51,-95.32
52622,38302,37.36,-95.44
91236,67023,36.91,-95.12
70686,52004,36.85,-92.5
72075,52059,37.33,-92.83
70972,52013,37.51,-92.92
71689,52052,36.96,-90.54
72022,52058,37.51,-91.03
72468,52109,37.67,-90.64
71896,52056,37.24,-89.8
71956,52057,37.67,-90.07
70804,52008,37.25,-90.3
70745,52007,37.3,-89.52
46277,34059,37.23,-89.23
55009,39112,36.86,-89.04
47259,34081,37.46,-88.16
46441,34062,37.59,-88.5
46502,34063,37.07,-88.51
55373,39134,37.1,-87.35
54547,39035,37.71,-87.69
55315,39132,37.24,-87.33
53816,39006,36.99,-86.63
54944,39107,36.92,-86.33
54424,39028,37.25,-86.13
117731,90006,37.61,-81.11
117501,90001,37.72,-80.81
117671,90005,37.3,-81.15
113820,88024,37.33,-78.98
114672,88051,37.04,-79.07
113605,88020,37.53,-79.29
114293,88041,36.85,-78.59
114623,88049,37.23,-78.26
113765,88023,37.7,-78.78
25865,14083,37.98,-122.59
25561,14071,38.04,-122.86
32100,14302,38.37,-122.51
25104,14016,38.08,-121.75
32278,14320,37.93,-121.16
32354,14352,38.12,-121.52
30303,14156,37.74,-119.8
33194,14434,38.17,-120.03
25118,14018,38.34,-119.83
111132,85164,38.52,-113.67
110807,85119,37.89,-113.65
110343,85019,37.79,-113.45
111697,85316,38.3,-111.51
110735,85115,38.49,-112.0
110839,85121,37.82,-111.84
35908,17322,37.83,-108.76
36277,17365,38.27,-108.53
111925,85368,38.44,-109.38
34583,17052,37.79,-108.02
35749,17315,38.06,-108.46
36478,17373,37.94,-107.82
34766,17153,37.77,-107.0
36341,17367,38.05,-106.86
33787,17017,38.51,-106.75
34536,17050,38.17,-103.94
35236,17220,38.17,-103.23
35952,17327,37.95,-103.87
35889,17321,38.24,-102.21
33872,17021,38.14,-102.52
35251,17221,38.29,-102.73
51401,38008,37.92,-98.83
51856,38020,38.46,-98.97
53155,38314,38.31,-99.23
53025,38311,38.52,-96.91
53078,38312,38.2,-97.2
52722,38304,37.79,-97.46
51762,38017,38.36,-96.56
52663,38303,37.79,-96.43
51267,38004,37.98,-96.39
71325,52020,38.27,-92.9
71391,52021,38.58,-92.43
72186,52062,38.16,-92.59
70921,52011,37.9,-91.42
71193,52018,38.08,-91.98
72117,52061,38.35,-91.8
45743,34050,38.52,-89.81
46332,34060,37.97,-89.74
45676,34049,38.38,-90.25
46048,34055,38.44,-88.97
45934,34053,38.35,-89.29
48000,34317,38.49,-88.88
49025,35034,38.09,-87.39
49959,35316,37.91,-87.62
49428,35042,37.99,-87.44
54362,39026,37.93,-85.09
55429,39137,38.26,-85.2
55261,39127,37.82,-85.71
54724,39040,38.43,-84.16
54833,39043,38.16,-84.06
55075,39117,37.73,-83.56
118497,90030,38.37,-79.81
118325,90027,38.08,-80.22
118133,90024,38.34,-80.37
118562,90031,38.56,-79.42
113110,88004,38.19,-79.16
113053,88003,38.28,-79.45
113221,88006,38.45,-78.17
113715,88022,37.9,-78.54
113164,88005,38.57,-78.5
113394,88010,38.17,-77.21
113460,88012,38.62,-77.58
60708,46030,38.6,-77.07
62186,46126,38.5,-76.57
113985,88030,37.88,-76.67
60587,46028,38.55,-76.97
61485,46047,38.16,-75.57
62239,46145,38.3,-75.56
61551,46048,38.22,-75.26
24959,14011,39.52,-122.94
31841,14210,39.16,-123.22
25056,14014,38.8,-123.58
31280,14187,38.79,-121.84
25019,14012,39.27,-121.73
30408,14159,39.49,-121.6
30196,14153,38.76,-120.92
32801,14418,39.01,-120.82
31305,14188,38.76,-120.44
111736,85317,38.98,-110.16
110788,85118,38.73,-109.87
111392,85218,38.68,-109.47
34332,17045,38.73,-108.62
34721,17138,39.05,-108.57
33468,17008,39.4,-108.81
34966,17208,39.51,-108.46
35125,17216,38.83,-107.6
33742,17015,38.69,-108.13
35786,17318,38.64,-105.77
33613,17011,39.22,-105.27
34216,17041,39.08,-105.41
34517,17049,38.69,-104.07
33667,17012,39.37,-104.36
33848,17019,38.83,-104.09
52557,38038,39.17,-101.96
53444,38323,39.11,-101.72
52030,38024,38.72,-101.65
53120,38313,38.68,-98.77
52394,38032,39.34,-98.75
52000,38023,38.84,-99.46
52346,38031,39.19,-97.61
51705,38016,38.99,-96.9
51805,38019,39.06,-97.11
52142,38027,39.25,-95.53
52970,38310,38.68,-95.12
52084,38026,39.08,-95.56
72294,52067,39.39,-94.5
72573,52124,38.66,-94.1
51546,38013,38.85,-94.87
45813,34051,38.69,-89.53
45369,34041,39.48,-89.26
47929,34316,38.84,-89.39
46099,34056,38.7,-88.16
46999,34076,39.1,-88.02
46161,34057,38.67,-88.42
48739,35021,39.33,-87.37
45620,34048,39.31,-87.77
46219,34058,38.83,-87.74
49158,35037,38.91,-86.19
49834,35314,38.76,-86.54
48916,35026,39.26,-86.7
49897,35315,38.95,-85.16
49231,35038,38.66,-85.94
49366,35041,38.63,-85.74
89896,66086,38.66,-83.41
89358,66064,39.36,-83.86
90377,66161,39.49,-84.01
89558,66074,39.15,-82.91
89959,66087,38.88,-82.78
89448,66072,39.19,-82.67
89685,66076,39.23,-82.28
118619,90034,39.04,-81.55
89788,66082,39.27,-81.88
89739,66080,39.41,-81.35
117905,90016,38.71,-81.02
119017,90042,39.37,-80.86
118897,90039,39.04,-80.52
119444,90140,39.19,-80.09
118850,90038,39.41,-80.2
59576,46001,39.5,-79.15
119504,90149,38.96,-78.84
61664,46052,39.33,-79.31
119241,90048,39.18,-78.5
113279,88007,38.81,-78.56
113335,88008,38.81,-78.74
61916,46110,39.03,-77.01
60100,46013,39.51,-77.03
60008,46011,39.15,-77.09
60991,46036,39.26,-76.14
60380,46018,39.34,-76.81
61042,46037,39.1,-76.19
37467,21105,39.37,-75.63
37416,21010,38.74,-75.28
77446,59002,39.38,-75.34
30445,14160,39.56,-123.39
30960,14178,40.17,-123.6
31128,14182,39.68,-123.48
30103,14148,39.55,-122.06
31023,14179,40.02,-122.63
32597,14411,40.18,-122.85
25673,14078,39.78,-120.63
33286,14436,40.15,-120.54
31182,14185,39.56,-120.82
33162,14433,39.79,-120.13
75655,55007,40.26,-119.77
75989,55045,39.94,-119.38
76088,55143,40.17,-115.49
75727,55012,40.32,-114.8
75702,55011,40.09,-115.63
110232,85011,39.9,-111.95
111564,85310,39.66,-112.06
111288,85174,40.04,-111.28
110262,85012,39.59,-110.56
111341,85206,40.24,-111.15
111639,85312,39.67,-110.62
110660,85108,40.36,-109.33
35978,17351,40.2,-108.75
35431,17301,40.27,-108.55
36032,17352,40.05,-107.87
33964,17031,40.06,-108.41
35006,17209,39.64,-107.61
34132,17039,39.66,-107.12
33337,17003,40.15,-106.87
34834,17202,40.21,-107.03
34177,17040,39.54,-106.22
34870,17203,40.13,-106.49
36075,17353,40.31,-105.97
34059,17035,40.3,-104.69
36624,17412,39.98,-104.5
34272,17042,39.84,-104.18
35541,17306,40.34,-103.79
33441,17006,40.2,-103.44
34295,17043,39.61,-103.12
34109,17037,40.26,-102.71
35720,17313,39.56,-103.02
33716,17014,39.83,-102.63
53360,38319,39.56,-97.81
53472,38420,39.56,-98.15
52450,38033,39.72,-98.1
52196,38028,39.9,-96.87
52299,38030,39.93,-97.01
74560,54004,40.21,-97.55
53297,38318,39.65,-96.52
75493,54103,40.07,-96.4
52239,38029,39.76,-96.02
72405,52070,40.1,-94.14
71504,52032,39.65,-94.66
72835,52136,40.08,-94.85
71569,52034,40.06,-92.49
72247,52066,39.79,-93.12
72350,52068,40.16,-92.51
44794,34020,40.21,-91.18
47626,34307,40.01,-90.93
47311,34135,39.92,-91.31
46851,34072,40.08,-89.82
45314,34038,39.79,-90.41
45264,34036,39.98,-90.34
45489,34044,39.89,-88.1
45113,34030,40.07,-88.55
45581,34047,39.61,-88.38
48640,35014,40.14,-86.69
49691,35306,40.19,-86.45
49527,35115,40.21,-86.05
89408,66067,39.68,-83.8
90215,66126,40.07,-84.13
90513,66168,39.88,-83.91
90637,66251,40.29,-81.87
89224,66049,40.1,-81.89
90570,66181,39.56,-81.58
90323,66150,40.1,-81.41
119351,90052,40.08,-80.68
118957,90041,39.65,-80.77
96990,72047,40.16,-80.34
97047,72048,40.07,-80.32
119131,90044,39.57,-79.84
61728,46053,39.72,-78.92
99188,72151,40.37,-79.57
61607,46051,39.67,-79.16
61800,46055,39.69,-78.41
97751,72061,40.42,-78.2
99809,72192,39.86,-78.17
59763,46006,39.61,-77.86
99358,72166,40.23,-77.66
59889,46008,39.57,-77.54
60269,46016,39.55,-76.81
60324,46017,39.7,-76.76
99985,72195,39.76,-76.46
98827,72097,39.91,-75.81
37254,21002,39.75,-75.58
99601,72181,40.42,-75.29
78063,59107,39.66,-74.91
77931,59028,39.75,-74.58
77488,59003,39.53,-75.1
77532,59005,39.99,-74.22
77673,59013,40.16,-74.06
77622,59011,40.08,-74.28
30499,14164,40.65,-123.03
33118,14431,40.49,-123.07
33235,14435,40.88,-123.6
33402,17004,40.5,-105.03
35501,17304,40.56,-105.42
125186,92027,41.19,-105.29
75112,54032,41.17,-100.05
74639,54008,40.93,-99.5
75541,54119,41.12,-99.49
44841,34022,40.65,-90.98
44945,34024,40.86,-90.5
44741,34019,40.8,-91.05
45026,34026,40.93,-89.79
44896,34023,40.91,-90.03
44975,34025,40.6,-89.66
45077,34029,40.92,-88.95
44539,34013,41.08,-88.83
47719,34309,40.75,-88.87
45183,34032,40.89,-88.67
45151,34031,40.71,-88.56
46696,34069,41.31,-88.59
45219,34034,40.64,-87.72
48423,35010,40.67,-87.36
44697,34017,41.21,-87.58
48576,35013,40.58,-86.18
48524,35012,40.7,-86.81
48225,35004,41.27,-86.62
49739,35308,40.81,-84.95
48698,35020,40.7,-84.85
88823,66025,40.98,-84.19
89000,66039,40.46,-82.62
90061,66112,41.16,-82.63
89112,66042,40.46,-82.76
90164,66116,41.32,-81.05
89155,66046,40.6,-81.16
88658,66015,41.17,-81.0
94915,72003,41.08,-80.33
97293,72053,40.96,-79.7
96929,72046,40.69,-80.3
97173,72050,40.84,-79.55
95206,72009,41.29,-79.09
97238,72052,40.48,-79.48
97801,72062,40.44,-78.33
95389,72013,41.16,-78.06
97863,72063,40.73,-78.21
98211,72072,40.56,-77.39
96023,72025,41.07,-77.29
95823,72021,41.27,-77.24
96146,72029,41.31,-76.66
99411,72173,40.5,-76.93
96561,72036,41.11,-76.47
99686,72187,40.63,-75.99
98452,72083,40.78,-75.96
98558,72085,40.68,-75.99
78117,59114,40.5,-74.93
77576,59010,40.5,-74.93
78163,59116,40.88,-75.05
30864,14174,41.38,-123.48
24856,14001,41.82,-123.0
94207,69226,42.22,-123.06
31679,14198,41.74,-122.63
30688,14168,41.82,-122.01
30906,14175,41.4,-122.04
33074,14430,41.56,-121.58
30600,14166,41.99,-121.89
32470,14406,41.67,-121.25
32527,14407,41.86,-120.5
30550,14165,41.73,-120.37
32424,14405,41.6,-121.05
94762,69253,42.06,-120.15
76010,55101,41.83,-119.66
93384,69061,42.01,-119.47
110512,85024,41.96,-113.63
44144,33226,42.21,-113.84
111438,85301,41.84,-113.79
44209,33228,42.0,-111.95
110926,85152,41.58,-112.08
110948,85153,41.72,-111.33
75429,54043,42.18,-102.78
74883,54021,41.35,-102.97
75363,54039,41.78,-102.45
50619,36017,42.04,-90.6
46650,34067,41.34,-90.53
50288,36007,41.56,-91.27
46554,34065,42.14,-89.76
50245,36006,41.97,-90.29
47542,34305,41.83,-89.66
47581,34306,41.59,-88.43
44647,34016,41.53,-88.57
44572,34014,41.93,-88.18
64160,49020,42.08,-86.03
49485,35103,41.63,-86.36
64280,49022,41.87,-86.55
64897,49039,41.76,-85.75
48325,35006,41.72,-85.67
64702,49036,42.04,-85.72
65122,49055,42.1,-84.8
88305,66001,41.55,-84.38
48366,35009,41.6,-84.93
90021,66107,41.54,-83.45
65184,49057,41.91,-83.99
88364,66002,41.38,-84.12
94972,72004,41.71,-80.32
95144,72008,41.75,-79.94
95029,72005,41.8,-79.95
95328,72012,41.39,-79.2
98883,72107,41.99,-79.15
95568,72016,41.56,-78.85
84010,61111,42.08,-78.59
95622,72017,41.42,-78.73
95676,72018,41.96,-78.34
99010,72132,41.54,-76.96
96407,72034,41.44,-76.9
96216,72030,41.87,-76.9
81260,61033,42.01,-75.8
96680,72041,41.34,-75.25
96813,72043,41.94,-75.61
84523,61207,41.33,-73.68
80483,61009,41.75,-73.98
81011,61028,42.17,-74.12
36982,18012,41.74,-73.35
37116,18015,41.58,-72.85
36788,18003,41.7,-72.51
36736,18001,41.33,-71.96
62689,47010,42.15,-71.89
100172,77004,41.98,-71.73
62493,47005,41.93,-71.07
62548,47006,42.08,-70.86
62738,47011,42.0,-71.11
92724,69026,42.97,-123.21
93335,69058,42.42,-123.68
94620,69250,42.27,-123.6
94255,69227,42.49,-122.42
94673,69251,42.73,-122.57
94544,69244,43.09,-122.51
93769,69160,42.38,-121.01
94288,69229,42.34,-120.74
92825,69029,42.66,-120.79
43249,33021,43.11,-112.73
43411,33027,42.85,-112.51
44181,33227,42.49,-112.39
125905,92083,42.56,-106.99
125610,92059,43.1,-107.02
125012,92018,42.87,-107.44
126201,92120,42.83,-105.81
125038,92019,42.86,-106.12
125927,92084,42.24,-106.56
75623,54130,42.27,-103.65
102290,81042,43.11,-103.68
75453,54044,42.6,-103.58
50793,36026,42.53,-95.87
50846,36027,42.64,-95.72
50987,36033,43.04,-95.58
122968,91064,42.81,-90.96
124331,91316,43.03,-90.66
124265,91315,43.06,-91.07
123064,91066,42.63,-89.96
123431,91167,43.0,-89.66
47369,34301,42.39,-90.28
47429,34302,42.46,-89.38
124560,91320,42.51,-89.11
46602,34066,42.39,-88.91
123216,91070,42.8,-87.98
124678,91421,42.95,-88.27
123162,91069,42.61,-88.05
64644,49035,42.25,-85.41
64594,49033,43.06,-85.88
64761,49037,42.63,-85.83
13689,68202,42.83,-80.9
15999,68303,42.63,-81.46
11347,68007,43.08,-80.85
82542,61064,43.06,-78.85
82093,61053,42.68,-78.82
15950,68301,43.01,-79.28
82428,61060,42.48,-78.23
82025,61052,42.69,-77.95
81713,61045,42.27,-77.94
81955,61050,42.7,-77.59
81885,61049,42.66,-77.22
81776,61047,42.89,-77.11
81148,61030,42.34,-75.93
83149,61080,43.02,-75.43
83089,61079,43.11,-75.66
80847,61025,42.65,-74.4
81075,61029,42.56,-75.15
81327,61034,42.43,-75.09
83577,61091,43.03,-73.51
84137,61120,42.82,-73.73
80905,61026,42.73,-74.19
63092,47021,42.41,-73.18
62839,47015,42.23,-72.51
112262,87008,43.0,-73.19
62788,47014,42.26,-72.35
76179,58003,42.8,-72.16
76717,58013,43.02,-72.38
62637,47009,42.51,-71.53
57972,44004,43.08,-70.71
62587,47007,42.81,-70.81
92672,69019,43.9,-122.55
94129,69219,43.63,-122.3
93199,69051,43.29,-122.34
93244,69052,43.98,-121.8
94585,69245,43.27,-121.77
93462,69120,43.59,-121.83
44088,33222,43.82,-111.2
43121,33016,44.02,-111.25
43270,33022,43.53,-111.7
102519,81706,43.81,-103.76
102327,81047,43.92,-103.51
102478,81705,43.72,-103.5
102305,81043,43.89,-102.45
101970,81026,44.02,-102.58
101496,81009,43.65,-102.51
101301,81001,43.33,-96.88
101385,81003,43.94,-97.47
101598,81012,44.01,-97.67
67802,50053,43.5,-91.29
121354,91034,44.01,-91.37
122292,91051,43.53,-90.86
122407,91053,43.82,-90.2
122470,91054,43.78,-90.35
122527,91055,43.44,-89.86
122829,91061,43.49,-88.9
122776,91060,43.45,-88.73
124383,91317,43.56,-89.52
124449,91318,43.87,-88.04
122918,91063,43.37,-87.87
122723,91059,43.61,-88.48
14003,68210,43.81,-81.19
13955,68209,43.37,-81.15
11392,68008,43.66,-80.73
13844,68207,43.14,-80.2
13904,68208,43.54,-80.51
11247,68005,43.95,-79.91
82644,61066,43.14,-78.11
15900,68300,43.98,-78.36
82701,61067,43.17,-77.96
82994,61075,43.45,-75.9
82879,61071,44.0,-76.04
82831,61070,43.16,-76.02
83257,61083,43.73,-74.47
84366,61182,43.58,-74.85
83196,61081,43.63,-74.39
83625,61092,43.6,-73.73
83314,61084,43.97,-74.24
83669,61093,43.53,-73.79
83467,61089,43.21,-73.3
112301,87010,43.61,-73.09
112085,87005,43.47,-72.58
76836,58015,43.5,-72.13
76599,58011,43.45,-71.88
112205,87007,43.89,-72.26
76303,58006,43.19,-71.28
76660,58012,43.99,-71.29
76544,58010,43.41,-71.2
57922,44003,43.49,-70.51
58325,44014,44.01,-69.96
57868,44002,43.68,-70.36
125451,92042,44.31,-106.93
124840,92005,44.78,-106.71
125365,92039,44.03,-107.45
124874,92007,44.42,-104.42
126392,92250,44.26,-104.17
126277,92150,44.51,-104.25
101558,81011,44.9,-97.94
101631,81013,44.5,-98.31
102369,81114,44.03,-98.43
123972,91310,44.73,-91.79
121302,91033,44.4,-91.67
66223,50007,44.22,-92.27
121496,91036,44.81,-90.35
124040,91311,44.88,-90.31
121676,91040,44.44,-89.85
121886,91044,44.42,-88.95
123370,91146,44.03,-88.7
122035,91047,44.61,-88.77
124622,91322,44.34,-88.04
124212,91314,44.1,-87.89
121965,91045,44.87,-88.17
65544,49128,44.11,-85.8
65982,49230,44.78,-85.8
64455,49027,44.28,-85.13
11952,68022,44.32,-81.23
11892,68020,44.59,-80.74
15843,68298,44.78,-81.12
13372,68117,44.28,-78.09
14298,68217,44.75,-77.94
12719,68051,44.83,-78.11
11632,68014,44.07,-77.36
11774,68016,44.35,-77.0
14175,68215,44.88,-77.54
13315,68113,44.84,-76.36
16086,68312,44.53,-76.66
11587,68012,44.26,-76.77
84414,61199,44.52,-74.49
83772,61098,44.13,-74.92
83725,61097,44.43,-75.05
112860,87023,44.76,-73.27
112524,87014,44.31,-72.62
113004,87121,44.34,-73.07
76946,58018,44.17,-71.7
112584,87015,44.33,-72.4
112357,87011,44.43,-71.95
58050,44007,44.62,-70.96
77066,58020,44.68,-71.58
77003,58019,44.6,-71.31
58213,44012,44.14,-70.56
58108,44010,44.89,-70.44
59231,44115,44.32,-69.86
58437,44021,44.58,-69.15
59348,44120,44.59,-69.54
59524,44308,44.45,-68.92
92973,69040,45.22,-123.02
94344,69233,45.0,-123.4
94395,69237,44.97,-122.95
115429,89024,45.68,-122.44
93013,69041,45.25,-122.25
93827,69202,45.29,-122.7
68203,50066,45.65,-96.13
101704,81017,45.42,-96.71
66678,50021,45.54,-96.09
66621,50019,45.16,-95.65
68146,50065,45.59,-95.21
66427,50013,44.96,-95.45
66470,50015,45.6,-93.88
66316,50009,44.97,-93.47
66531,50016,45.1,-93.47
120012,91010,45.37,-92.66
123937,91309,44.97,-92.63
119956,91009,45.02,-92.74
120285,91014,45.31,-91.47
120139,91012,45.59,-92.23
120212,91013,45.53,-91.88
120434,91016,45.71,-91.19
123265,91118,45.08,-90.53
120498,91017,45.14,-90.79
120683,91022,45.31,-89.63
120620,91020,45.32,-90.08
120564,91019,45.65,-90.18
120865,91026,45.46,-88.77
123806,91307,45.69,-89.12
120754,91023,45.76,-89.5
121061,91029,45.44,-87.87
120999,91028,45.5,-88.01
120931,91027,45.37,-88.62
14356,68218,44.99,-79.57
16462,68328,45.45,-79.59
15200,68252,45.21,-79.03
16502,68350,45.07,-77.2
12106,68026,45.5,-77.74
12657,68050,45.29,-77.47
27368,76201,45.58,-76.65
14685,68225,45.47,-76.11
13254,68083,45.47,-76.61
16350,68324,45.23,-75.92
16678,76002,45.7,-75.54
14633,68224,45.17,-75.54
11998,68023,45.17,-74.96
14576,68223,45.5,-74.47
16315,68323,45.15,-74.71
16890,76006,45.78,-74.09
16839,76005,45.72,-73.4
16957,76007,45.42,-74.17
26770,76109,45.76,-72.3
27698,76309,45.3,-72.38
27767,76310,45.43,-71.86
17117,76010,45.72,-71.47
77181,58022,44.99,-71.37
27314,76190,45.29,-70.9
59472,44304,45.41,-69.88
58660,44031,45.23,-70.19
58705,44032,45.07,-70.21
58761,44033,45.05,-69.03
58385,44019,44.98,-69.43
58919,44042,45.02,-68.91
10787,65019,45.42,-63.7
10841,65020,45.65,-63.91
10730,65018,45.71,-63.55
10668,65014,45.68,-62.11
10952,65027,44.93,-62.57
10520,65009,45.38,-61.82
116097,89043,46.4,-121.55
115319,89019,46.63,-121.39
115478,89025,45.83,-121.35
43670,33204,46.44,-116.83
115395,89023,46.34,-117.05
93955,69207,45.94,-117.45
87114,64004,46.34,-98.68
87192,64006,46.14,-99.48
101901,81023,45.85,-99.26
101748,81018,45.84,-97.33
87033,64001,46.15,-97.67
87067,64002,46.48,-97.01
68309,50068,46.39,-93.09
66711,50022,46.7,-92.63
120075,91011,45.96,-92.49
119616,91002,46.52,-91.42
119675,91003,46.06,-91.82
123482,91301,46.63,-91.95
123741,91306,45.84,-90.62
123668,91305,45.84,-91.3
123542,91302,46.32,-90.9
120806,91024,45.92,-89.15
63427,49002,46.66,-89.55
123600,91303,46.04,-89.25
63615,49007,46.08,-88.15
63808,49011,46.57,-87.84
63548,49005,46.15,-88.37
27807,76314,46.38,-75.91
26817,76113,46.55,-75.36
25918,76012,46.36,-76.02
26084,76019,46.16,-72.39
27865,76321,46.57,-71.62
26878,76120,46.37,-72.27
26153,76022,46.04,-71.07
26210,76023,46.51,-70.93
26124,76021,46.66,-71.56
58823,44035,45.86,-69.92
26972,76124,46.27,-70.53
59123,44059,46.28,-69.93
59396,44134,45.9,-69.03
58970,44050,46.1,-68.9
59073,44058,46.71,-69.19
115803,89035,47.22,-121.01
116149,89044,46.95,-120.56
115848,89036,47.55,-120.68
115239,89014,47.08,-119.25
117449,89164,46.82,-118.65
117467,89182,46.76,-119.04
74213,53064,47.03,-114.39
73548,53025,46.91,-114.46
73248,53015,47.18,-113.94
87794,64033,47.61,-103.54
87840,64035,46.73,-103.98
87749,64032,47.23,-103.32
66910,50029,46.92,-96.61
67389,50043,47.51,-96.63
68661,50077,47.44,-96.58
9170,56015,47.16,-65.17
9336,56029,46.73,-64.96
9123,56013,46.99,-64.83
116912,89074,47.74,-120.66
117320,89113,47.75,-120.35
115009,89005,48.35,-120.21
116955,89075,47.66,-119.63
116265,89049,48.25,-120.15
115612,89029,48.5,-120.17
117026,89077,47.88,-117.98
115270,89016,47.73,-117.92
115097,89008,48.29,-117.77
42700,33002,47.78,-116.66
43435,33029,48.47,-116.84
115755,89032,48.38,-117.27
72942,53002,48.1,-114.46
73197,53014,47.71,-114.2
74272,53074,47.66,-114.13
67292,50041,47.76,-95.83
67691,50050,48.3,-95.57
67341,50042,47.79,-95.11
28140,76439,47.64,-70.61
26440,76058,48.42,-70.5
26289,76039,47.64,-70.62
115522,89027,48.97,-122.14
116607,89066,48.53,-122.47
5473,11411,49.18,-122.51
3567,11010,49.29,-121.68
115573,89028,48.83,-121.9
114968,89004,48.7,-121.21
116641,89068,48.53,-120.3
3527,11009,49.15,-120.59
5753,11609,49.4,-120.22
3381,11005,49.29,-116.66
117411,89152,48.84,-117.18
3418,11006,49.14,-117.25
8880,45309,49.17,-100.05
7540,45107,49.01,-99.61
88157,64044,48.84,-100.24
8740,45302,49.13,-96.41
68814,50082,48.77,-96.31
67742,50051,48.78,-96.07
67533,50047,48.95,-94.99
68758,50081,48.78,-95.3
8114,45201,49.23,-95.42
5519,11419,50.21,-118.77
4676,11220,50.26,-119.08
5305,11407,49.7,-118.77
2725,4304,49.71,-113.69
61,4004,49.81,-113.56
2799,4309,50.01,-113.38
2209,4207,50.15,-111.98
0,4002,49.87,-111.41
2699,4302,49.75,-111.51
2087,4201,49.53,-110.27
1269,4106,50.0,-110.07
28575,79109,49.66,-109.74
28309,79016,50.1,-107.73
28278,79007,49.64,-107.99
28544,79108,49.55,-108.3
6638,45021,50.29,-101.06
8315,45209,49.5,-100.7
7585,45109,49.7,-100.64
8219,45205,49.51,-98.16
8788,45305,49.66,-98.19
8586,45216,50.12,-98.58
7452,45103,49.97,-97.5
9034,45414,50.27,-97.48
8989,45314,50.01,-97.06
6196,45002,49.72,-96.72
6448,45013,50.07,-96.6
6137,45001,49.87,-95.97
162,4010,50.47,-114.42
2431,4215,51.2,-114.76
2292,4210,50.51,-114.25
1321,4109,50.42,-113.82
2775,4308,50.6,-112.99
2267,4209,50.48,-113.39
8535,45214,50.71,-97.83
6505,45016,50.72,-98.21
7077,45043,51.07,-98.09
6962,45041,51.09,-96.96
8012,45142,51.08,-97.5
7799,45114,50.74,-97.31
8927,45313,50.51,-96.29
8481,45213,50.44,-96.55
7731,45113,50.68,-96.52
2916,4315,51.32,-114.25
263,4015,51.82,-114.44
408,4022,52.02,-114.47
3208,4412,51.27,-111.19
2859,4312,51.41,-111.47
2887,4313,51.32,-112.04
28849,79123,51.41,-105.82
28973,79132,52.05,-106.21
28879,79124,51.56,-106.63
2945,4322,52.4,-114.4
2497,4221,52.55,-113.93
1576,4121,52.61,-113.98
1711,4129,53.11,-113.12
2985,4329,53.13,-113.19
2542,4229,53.33,-113.85
21893,3432,61.29,-149.77
21462,3401,61.4,-149.84
21052,3117,61.58,-149.44
21575,3406,64.01,-145.72
21870,3431,63.85,-145.73
20663,3004,64.25,-146.07
